insert into product (id_product, product_name, kcal, protein, fat, carbohydrates) values (1, 'Beer', 158, 0.4, 0, 3.8);
insert into product (id_product, product_name, kcal, protein, fat, carbohydrates) values (2, 'Hen', 212, 18.7, 15, 0.5);
insert into product (id_product, product_name, kcal, protein, fat, carbohydrates) values (3, 'Pork', 410, 12.5, 40, 12.5);
insert into product (id_product, product_name, kcal, protein, fat, carbohydrates) values (4, 'Potato', 81, 2, 0.1, 18.3);
insert into product (id_product, product_name, kcal, protein, fat, carbohydrates) values (5, 'Lettuce', 12, 1.3, 0.3, 2.5);
insert into product (id_product, product_name, kcal, protein, fat, carbohydrates) values (6, 'Milk', 33, 3.4, 0.1, 4.9);
insert into product (id_product, product_name, kcal, protein, fat, carbohydrates) values (7, 'Egg', 157, 12.3, 11.7, 0.7);
insert into product (id_product, product_name, kcal, protein, fat, carbohydrates) values (8, 'Potatoes Crips', 537, 5.9, 38, 52.2);
insert into product (id_product, product_name, kcal, protein, fat, carbohydrates) values (9, 'Bread', 276, 7.9, 4.5, 51.9);
insert into product (id_product, product_name, kcal, protein, fat, carbohydrates) values (10, 'Chocolate Dark', 570, 6.7, 34.3, 56.6);
insert into product (id_product, product_name, kcal, protein, fat, carbohydrates) values (11, 'Chocolate Milk', 565, 9.8, 32.8, 54.7);
insert into product (id_product, product_name, kcal, protein, fat, carbohydrates) values (12, 'Lamb', 241, 14.5, 20.3, 0);
insert into product (id_product, product_name, kcal, protein, fat, carbohydrates) values (13, 'Duck', 310, 13.5, 28.4, 0.2);
insert into product (id_product, product_name, kcal, protein, fat, carbohydrates) values (14, 'Goose', 368, 14.6, 34.3, 0.1);
insert into product (id_product, product_name, kcal, protein, fat, carbohydrates) values (15, 'Turkey', 127, 17.5, 6.2, 0.2);
insert into product (id_product, product_name, kcal, protein, fat, carbohydrates) values (16, 'Beef', 229, 18.3, 17.1, 0.4);
insert into product (id_product, product_name, kcal, protein, fat, carbohydrates) values (17, 'Rabbit', 162, 19.6, 9.1, 0.3);
insert into product (id_product, product_name, kcal, protein, fat, carbohydrates) values (18, 'Reindeer', 123, 21, 4, 0);
insert into product (id_product, product_name, kcal, protein, fat, carbohydrates) values (19, 'Apricot', 49, 0.8, 0.2, 12);
insert into product (id_product, product_name, kcal, protein, fat, carbohydrates) values (20, 'Gooseberry', 34, 0.8, 0.2, 9.7);
insert into product (id_product, product_name, kcal, protein, fat, carbohydrates) values (21, 'Pineapple', 52, 0.5, 0.2, 12.7);
insert into product (id_product, product_name, kcal, protein, fat, carbohydrates) values (22, 'Orange', 43, 0.8, 0.2, 11);
insert into product (id_product, product_name, kcal, protein, fat, carbohydrates) values (23, 'Watermelon', 27, 0.7, 0.2, 6);
insert into product (id_product, product_name, kcal, protein, fat, carbohydrates) values (24, 'Raspberry', 38, 1.2, 0.6, 12.8);
insert into product (id_product, product_name, kcal, protein, fat, carbohydrates) values (25, 'Avocado', 224, 1.9, 23.5, 6);
insert into product (id_product, product_name, kcal, protein, fat, carbohydrates) values (26, 'Banana', 97, 1.2, 0.3, 23.1);
insert into product (id_product, product_name, kcal, protein, fat, carbohydrates) values (27, 'Strawberry', 41, 0.9, 0.4, 9.7);
insert into product (id_product, product_name, kcal, protein, fat, carbohydrates) values (28, 'Lemon', 31, 0.7, 0.4, 9.2);
insert into product (id_product, product_name, kcal, protein, fat, carbohydrates) values (29, 'Blackberries', 42, 1.4, 1, 12.1);
insert into product (id_product, product_name, kcal, protein, fat, carbohydrates) values (30, 'Grapefruit', 38, 0.6, 0.2, 10);
insert into product (id_product, product_name, kcal, protein, fat, carbohydrates) values (31, 'Blackcurrant', 52, 1.2, 0.3, 17.2);
insert into product (id_product, product_name, kcal, protein, fat, carbohydrates) values (32, 'Kiwi Fruit', 56, 1, 0.6, 13.9);
insert into product (id_product, product_name, kcal, protein, fat, carbohydrates) values (33, 'Pear', 52, 0.4, 0.3, 13.4);
insert into product (id_product, product_name, kcal, protein, fat, carbohydrates) values (34, 'Mandarin', 38, 0.7, 0.3, 9.4);
insert into product (id_product, product_name, kcal, protein, fat, carbohydrates) values (35, 'Mango', 70, 0.6, 0.5, 16.5);
insert into product (id_product, product_name, kcal, protein, fat, carbohydrates) values (36, 'Blueberry', 44, 0.7, 0.6, 11.5);
insert into product (id_product, product_name, kcal, protein, fat, carbohydrates) values (37, 'Melon', 32, 0.7, 0.1, 7.7);
insert into product (id_product, product_name, kcal, protein, fat, carbohydrates) values (38, 'Apple', 53, 0.4, 0.4, 13);
insert into product (id_product, product_name, kcal, protein, fat, carbohydrates) values (39, 'Peach', 47, 0.8, 0.2, 12.1);
insert into product (id_product, product_name, kcal, protein, fat, carbohydrates) values (40, 'Plum', 57, 0.7, 0.2, 14.6);
insert into product (id_product, product_name, kcal, protein, fat, carbohydrates) values (41, 'Cranberry', 43, 0.4, 0.7, 9.9);
insert into product (id_product, product_name, kcal, protein, fat, carbohydrates) values (42, 'Sweet Cherry', 60, 0.9, 0.4, 14.4);
insert into product (id_product, product_name, kcal, protein, fat, carbohydrates) values (43, 'Grapes', 69, 0.7, 0.4, 17.6);
insert into product (id_product, product_name, kcal, protein, fat, carbohydrates) values (44, 'Sour Cherry', 51, 1, 0.6, 12.2);
insert into product (id_product, product_name, kcal, protein, fat, carbohydrates) values (45, 'Raisin', 280, 2.7, 0.6, 71.3);
insert into product (id_product, product_name, kcal, protein, fat, carbohydrates) values (46, 'Sugar', 395, 0, 0, 99.8);
insert into product (id_product, product_name, kcal, protein, fat, carbohydrates) values (47, 'Honey', 324, 0.3, 0, 81.7);
insert into product (id_product, product_name, kcal, protein, fat, carbohydrates) values (48, 'Bean', 290, 22.8, 1.6, 60);
insert into product (id_product, product_name, kcal, protein, fat, carbohydrates) values (49, 'Soya Bean', 396, 37, 19, 32.7);
insert into product (id_product, product_name, kcal, protein, fat, carbohydrates) values (50, 'Pea', 70, 6.4, 0.4, 17);
insert into product (id_product, product_name, kcal, protein, fat, carbohydrates) values (51, 'Cucumber', 11, 0.8, 0.2, 2.3);
insert into product (id_product, product_name, kcal, protein, fat, carbohydrates) values (52, 'Aubergine', 24, 1.2, 0.2, 6.3);
insert into product (id_product, product_name, kcal, protein, fat, carbohydrates) values (53, 'Brussels Sprout', 30, 4.3, 0.5, 6.3);
insert into product (id_product, product_name, kcal, protein, fat, carbohydrates) values (54, 'Broccoli', 29, 3, 0.4, 5.7);
insert into product (id_product, product_name, kcal, protein, fat, carbohydrates) values (55, 'Beetroot', 37, 1.6, 0.1, 9.5);
insert into product (id_product, product_name, kcal, protein, fat, carbohydrates) values (56, 'Squash', 16, 1, 0.1, 3.4);
insert into product (id_product, product_name, kcal, protein, fat, carbohydrates) values (57, 'Garlic', 128, 6.2, 0.3, 28);
insert into product (id_product, product_name, kcal, protein, fat, carbohydrates) values (58, 'Red Cabbage', 19, 1.5, 0.2, 5.5);
insert into product (id_product, product_name, kcal, protein, fat, carbohydrates) values (59, 'White Cabbage', 22, 1.5, 0.2, 5.4);
insert into product (id_product, product_name, kcal, protein, fat, carbohydrates) values (60, 'Dill', 31, 2.3, 0.4, 7.5);
insert into product (id_product, product_name, kcal, protein, fat, carbohydrates) values (61, 'Horseradish', 61, 2.6, 0.3, 18.4);
insert into product (id_product, product_name, kcal, protein, fat, carbohydrates) values (62, 'Sweetcorn', 94, 3.7, 1.6, 19.8);
insert into product (id_product, product_name, kcal, protein, fat, carbohydrates) values (63, 'Carrot', 31, 1, 0.2, 8.7);
insert into product (id_product, product_name, kcal, protein, fat, carbohydrates) values (64, 'Red Pepper', 29, 1.3, 0.5, 6.6);
insert into product (id_product, product_name, kcal, protein, fat, carbohydrates) values (65, 'Parsley', 36.8, 2.9, 0.8, 6.3);
insert into product (id_product, product_name, kcal, protein, fat, carbohydrates) values (66, 'Thyme', 101.3, 5, 1.3, 25);
insert into product (id_product, product_name, kcal, protein, fat, carbohydrates) values (67, 'Tomato', 17, 1, 0.2, 4.1);
insert into product (id_product, product_name, kcal, protein, fat, carbohydrates) values (68, 'Leek', 30, 2.2, 0.3, 6.8);
insert into product (id_product, product_name, kcal, protein, fat, carbohydrates) values (69, 'Rhubarb', 9, 1.1, 0.1, 4.6);
insert into product (id_product, product_name, kcal, protein, fat, carbohydrates) values (70, 'Radish', 16, 1, 0.1, 4.1);
insert into product (id_product, product_name, kcal, protein, fat, carbohydrates) values (71, 'Turnip', 26, 1.1, 0.3, 8.2);
insert into product (id_product, product_name, kcal, protein, fat, carbohydrates) values (72, 'Sorrel', 21, 1.1, 0.8, 4.9);
insert into product (id_product, product_name, kcal, protein, fat, carbohydrates) values (73, 'Onion', 35, 1.4, 0.3, 8.9);
insert into product (id_product, product_name, kcal, protein, fat, carbohydrates) values (74, 'Spinach', 19, 2.5, 0.4, 3);
insert into product (id_product, product_name, kcal, protein, fat, carbohydrates) values (75, 'Cauliflower', 20, 2.5, 0.3, 4.5);
insert into product (id_product, product_name, kcal, protein, fat, carbohydrates) values (76, 'Sour Milk', 61, 3.3, 3.2, 4.5);
insert into product (id_product, product_name, kcal, protein, fat, carbohydrates) values (77, 'Quark', 99, 19.8, 0.5, 3.5);
insert into product (id_product, product_name, kcal, protein, fat, carbohydrates) values (78, 'Liqueur', 313, 0, 0, 31);
insert into product (id_product, product_name, kcal, protein, fat, carbohydrates) values (79, 'Vodka', 225, 0, 0, 0);
insert into product (id_product, product_name, kcal, protein, fat, carbohydrates) values (80, 'White Wine', 68, 0.1, 0, 0.6);
insert into product (id_product, product_name, kcal, protein, fat, carbohydrates) values (81, 'Red Wine', 80, 0.1, 0, 2.3);
insert into product (id_product, product_name, kcal, protein, fat, carbohydrates) values (82, 'Champagne', 77, 0.3, 0, 1.4);
insert into product (id_product, product_name, kcal, protein, fat, carbohydrates) values (83, 'Pineapple Juice', 50, 0.3, 0.1, 11.4);
insert into product (id_product, product_name, kcal, protein, fat, carbohydrates) values (84, 'Orange Juice', 45, 0.6, 0.1, 9.9);
insert into product (id_product, product_name, kcal, protein, fat, carbohydrates) values (85, 'Grapefruit Juice', 42, 0.5, 0.1, 9.2);
insert into product (id_product, product_name, kcal, protein, fat, carbohydrates) values (86, 'Carrot Juice', 45, 0.4, 0.1, 11.3);
insert into product (id_product, product_name, kcal, protein, fat, carbohydrates) values (87, 'Apple Juice', 44, 0.1, 0.1, 10);
insert into product (id_product, product_name, kcal, protein, fat, carbohydrates) values (88, 'Tomato Juice', 14, 0.8, 0.1, 2.6);
insert into product (id_product, product_name, kcal, protein, fat, carbohydrates) values (89, 'Grape Juice', 65, 0.6, 0, 15);
insert into product (id_product, product_name, kcal, protein, fat, carbohydrates) values (90, 'Tea', 0, 0, 0, 0.3);
insert into product (id_product, product_name, kcal, protein, fat, carbohydrates) values (91, 'Coffee', 2, 0.2, 0, 0.3);
insert into product (id_product, product_name, kcal, protein, fat, carbohydrates) values (92, 'Cocoa Powder', 315, 21, 21.3, 45);
insert into product (id_product, product_name, kcal, protein, fat, carbohydrates) values (93, 'Cocoa Based Milk Drink', 68, 3.5, 1.5, 10);
insert into product (id_product, product_name, kcal, protein, fat, carbohydrates) values (94, 'Soft Drink Carbonated', 24, 0, 0, 5.6);
insert into product (id_product, product_name, kcal, protein, fat, carbohydrates) values (95, 'Coca-Cola', 42, 0, 0, 10.4);
insert into product (id_product, product_name, kcal, protein, fat, carbohydrates) values (96, 'Water', 0, 0, 0, 0);
insert into product (id_product, product_name, kcal, protein, fat, carbohydrates) values (97, 'Wheat Flour', 345, 10.7, 1.3, 74.2);
insert into product (id_product, product_name, kcal, protein, fat, carbohydrates) values (98, 'Rye Flour', 335, 7.1, 1.1, 77);
insert into product (id_product, product_name, kcal, protein, fat, carbohydrates) values (99, 'Starch', 326, 0.4, 0.1, 83.4);
insert into product (id_product, product_name, kcal, protein, fat, carbohydrates) values (100, 'Curd Dumpling', 190.42, 11.17, 3.22, 28.38);
insert into product (id_product, product_name, kcal, protein, fat, carbohydrates) values (101, 'Dumpling', 231.3, 6.3, 5.3, 37.5);
insert into product (id_product, product_name, kcal, protein, fat, carbohydrates) values (102, 'Fried Curd Dumplings', 262.34, 16.22, 11.94, 23.02);
insert into product (id_product, product_name, kcal, protein, fat, carbohydrates) values (103, 'Rustic Pancakes', 229.14, 10.83, 13.84, 15.88);
insert into product (id_product, product_name, kcal, protein, fat, carbohydrates) values (104, 'Pancakes', 237.54, 8.94, 6.05, 38.28);
insert into product (id_product, product_name, kcal, protein, fat, carbohydrates) values (105, 'Pancakes With Meat Filling', 317.43, 15.21, 16.17, 28.95);
insert into product (id_product, product_name, kcal, protein, fat, carbohydrates) values (106, 'Pancakes With Curd Filling', 260.3, 13.02, 8.97, 32.96);
insert into product (id_product, product_name, kcal, protein, fat, carbohydrates) values (107, 'Yeasty Cakes With Raisin', 284.1, 7.68, 6.92, 50.83);
insert into product (id_product, product_name, kcal, protein, fat, carbohydrates) values (108, 'Pasta Bake', 167.1, 4.4, 0.54, 27.39);
insert into product (id_product, product_name, kcal, protein, fat, carbohydrates) values (109, 'Curd Bake', 251.33, 16.67, 11.78, 20.18);
insert into product (id_product, product_name, kcal, protein, fat, carbohydrates) values (110, 'Curd And Rice Bake', 160.14, 5.13, 5.62, 23.68);
insert into product (id_product, product_name, kcal, protein, fat, carbohydrates) values (111, 'Oat Flakes', 365, 13.8, 6.7, 67.5);
insert into product (id_product, product_name, kcal, protein, fat, carbohydrates) values (112, 'Buckwheat Groats', 349, 12.6, 3.1, 69.3);
insert into product (id_product, product_name, kcal, protein, fat, carbohydrates) values (113, 'Wheat Grain', 317, 11.7, 1.9, 69.1);
insert into product (id_product, product_name, kcal, protein, fat, carbohydrates) values (114, 'Semolina', 360, 10.3, 1, 74.8);
insert into product (id_product, product_name, kcal, protein, fat, carbohydrates) values (115, 'Pearl Barley', 335, 9.8, 1.8, 75.2);
insert into product (id_product, product_name, kcal, protein, fat, carbohydrates) values (116, 'Rice', 129.7, 2.7, 0.3, 28.5);
insert into product (id_product, product_name, kcal, protein, fat, carbohydrates) values (117, 'Rye Grain', 307, 9.5, 1.7, 72.6);
insert into product (id_product, product_name, kcal, protein, fat, carbohydrates) values (118, 'Millet Groats', 352, 10.6, 2.9, 69.5);
insert into product (id_product, product_name, kcal, protein, fat, carbohydrates) values (119, 'Grits', 144.08, 5.68, 5.75, 19.43);
insert into product (id_product, product_name, kcal, protein, fat, carbohydrates) values (120, 'Powdery Rice Porridge', 141.15, 3.04, 3.05, 26.28);
insert into product (id_product, product_name, kcal, protein, fat, carbohydrates) values (121, 'Farina Pudding', 155.49, 4.37, 5.08, 24.28);
insert into product (id_product, product_name, kcal, protein, fat, carbohydrates) values (122, 'Sour Cream', 120, 3, 10, 4.3);
insert into product (id_product, product_name, kcal, protein, fat, carbohydrates) values (123, 'Mayonnaise', 334, 1.2, 32.5, 8.5);
insert into product (id_product, product_name, kcal, protein, fat, carbohydrates) values (124, 'Vinegar', 47, 0.6, 0.1, 9.6);
insert into product (id_product, product_name, kcal, protein, fat, carbohydrates) values (125, 'Black Pepper', 309, 11.8, 8.6, 63.4);
insert into product (id_product, product_name, kcal, protein, fat, carbohydrates) values (126, 'Caraway', 333, 19.8, 14.5, 49.9);
insert into product (id_product, product_name, kcal, protein, fat, carbohydrates) values (127, 'Bay Leaf', 277, 9.4, 5.4, 71);
insert into product (id_product, product_name, kcal, protein, fat, carbohydrates) values (128, 'Herring', 222, 20, 15.4, 0.7);
insert into product (id_product, product_name, kcal, protein, fat, carbohydrates) values (129, 'Hake', 89, 17.2, 2.2, 0);
insert into product (id_product, product_name, kcal, protein, fat, carbohydrates) values (130, 'Carp', 123, 17.1, 6, 0.1);
insert into product (id_product, product_name, kcal, protein, fat, carbohydrates) values (131, 'Salmon', 202, 19.9, 13.6, 0);
insert into product (id_product, product_name, kcal, protein, fat, carbohydrates) values (132, 'Pike', 87, 19.7, 0.8, 0.1);
insert into product (id_product, product_name, kcal, protein, fat, carbohydrates) values (133, 'Cod', 75, 17.7, 0.4, 0.1);
insert into product (id_product, product_name, kcal, protein, fat, carbohydrates) values (134, 'Halibut', 124, 20.1, 4.8, 0.1);
insert into product (id_product, product_name, kcal, protein, fat, carbohydrates) values (135, 'Plaice', 93, 17.1, 2.7, 0);
insert into product (id_product, product_name, kcal, protein, fat, carbohydrates) values (136, 'Mackerel', 174, 18.8, 10.9, 0.1);
insert into product (id_product, product_name, kcal, protein, fat, carbohydrates) values (137, 'Pikeperch', 84, 18.7, 0.8, 0.4);
insert into product (id_product, product_name, kcal, protein, fat, carbohydrates) values (138, 'Sprats Canned In Oil', 347, 15.1, 31.6, 0.5);
insert into product (id_product, product_name, kcal, protein, fat, carbohydrates) values (139, 'Tuna', 136, 23.7, 4.6, 0);
insert into product (id_product, product_name, kcal, protein, fat, carbohydrates) values (140, 'Eel', 278, 15, 24.5, 0);
insert into product (id_product, product_name, kcal, protein, fat, carbohydrates) values (141, 'Brown Trout', 111, 18.2, 4.2, 0.1);
insert into product (id_product, product_name, kcal, protein, fat, carbohydrates) values (142, 'Rainbow Trout', 161, 18.6, 9.6, 0);
insert into product (id_product, product_name, kcal, protein, fat, carbohydrates) values (143, 'Chicken', 162, 19.4, 9.3, 0.3);
insert into product (id_product, product_name, kcal, protein, fat, carbohydrates) values (144, 'Parmesan Cheese', 454, 41.5, 32, 0.1);
insert into product (id_product, product_name, kcal, protein, fat, carbohydrates) values (145, 'Camembert Cheese', 290, 21, 22.8, 0.2);
insert into product (id_product, product_name, kcal, protein, fat, carbohydrates) values (146, 'Emmental Cheese', 383, 28.8, 29.7, 0.1);
insert into product (id_product, product_name, kcal, protein, fat, carbohydrates) values (147, 'Mustard', 167, 5.7, 6.4, 22);
insert into product (id_product, product_name, kcal, protein, fat, carbohydrates) values (148, 'Ketchup', 112, 1.8, 0.5, 24.8);
insert into product (id_product, product_name, kcal, protein, fat, carbohydrates) values (149, 'Tomato Paste', 110, 3.9, 0.5, 23.7);
insert into product (id_product, product_name, kcal, protein, fat, carbohydrates) values (150, 'White Sauce', 70.91, 1.04, 5.26, 5.18);
insert into product (id_product, product_name, kcal, protein, fat, carbohydrates) values (151, 'Garlic Sauce', 60.84, 2.71, 0.23, 11.82);
insert into product (id_product, product_name, kcal, protein, fat, carbohydrates) values (152, 'Milk Sauce', 141.14, 3.16, 9.46, 11.23);
insert into product (id_product, product_name, kcal, protein, fat, carbohydrates) values (153, 'Red Sauce', 180.71, 1.94, 13.77, 12.86);
insert into product (id_product, product_name, kcal, protein, fat, carbohydrates) values (154, 'Onion Sauce', 120.98, 1.61, 5.35, 18.41);
insert into product (id_product, product_name, kcal, protein, fat, carbohydrates) values (155, 'Butter', 660, 0.8, 72.5, 1.1);
insert into product (id_product, product_name, kcal, protein, fat, carbohydrates) values (156, 'Lard', 896, 0.2, 99.5, 0);
insert into product (id_product, product_name, kcal, protein, fat, carbohydrates) values (157, 'Olive Oil', 883, 0.1, 99.5, 0.2);
insert into product (id_product, product_name, kcal, protein, fat, carbohydrates) values (158, 'Corn Oil', 884, 0.1, 99.7, 0.1);
insert into product (id_product, product_name, kcal, protein, fat, carbohydrates) values (159, 'Rapeseed Oil', 884, 0.1, 99.8, 0.1);
insert into product (id_product, product_name, kcal, protein, fat, carbohydrates) values (160, 'Sunflower Oil', 884, 0.1, 99.8, 0.1);
insert into product (id_product, product_name, kcal, protein, fat, carbohydrates) values (161, 'Soyabean Oil', 885, 0.1, 99.8, 0.1);
insert into product (id_product, product_name, kcal, protein, fat, carbohydrates) values (162, 'Veal', 104, 19.6, 2.7, 0.3);
insert into product (id_product, product_name, kcal, protein, fat, carbohydrates) values (163, 'Roebuck', 100, 21.8, 1.4, 0);
insert into product (id_product, product_name, kcal, protein, fat, carbohydrates) values (164, 'Poppy Seeds', 517, 19.9, 46.7, 24.7);
insert into product (id_product, product_name, kcal, protein, fat, carbohydrates) values (165, 'Cashewnut', 585, 15.8, 46.3, 30.5);
insert into product (id_product, product_name, kcal, protein, fat, carbohydrates) values (166, 'Walnut', 655, 18.5, 60.4, 14.6);
insert into product (id_product, product_name, kcal, protein, fat, carbohydrates) values (167, 'Coconut', 362, 4.5, 35.3, 15.2);
insert into product (id_product, product_name, kcal, protein, fat, carbohydrates) values (168, 'Coconut Flakes', 615, 5.7, 63, 27);
insert into product (id_product, product_name, kcal, protein, fat, carbohydrates) values (169, 'Hazelnut', 658, 17.6, 63.2, 14.9);
insert into product (id_product, product_name, kcal, protein, fat, carbohydrates) values (170, 'Almonds', 580, 20, 52, 20.5);
insert into product (id_product, product_name, kcal, protein, fat, carbohydrates) values (171, 'Pistachio Nut', 610, 20.5, 48.5, 27.6);
insert into product (id_product, product_name, kcal, protein, fat, carbohydrates) values (172, 'Sunflower Seeds', 611, 22.5, 49, 21.5);
insert into product (id_product, product_name, kcal, protein, fat, carbohydrates) values (173, 'Sesame Seeds', 597, 22, 53.2, 14.9);
insert into product (id_product, product_name, kcal, protein, fat, carbohydrates) values (174, 'Flaxseed', 414, 23.4, 31, 34);
insert into product (id_product, product_name, kcal, protein, fat, carbohydrates) values (175, 'Peanut', 569, 19.2, 46.1, 19.2);
insert into product (id_product, product_name, kcal, protein, fat, carbohydrates) values (176, 'Ice-Cream', 125, 4.2, 2.1, 18.1);
insert into product (id_product, product_name, kcal, protein, fat, carbohydrates) values (177, 'Peanut Oil', 884, 0, 100, 0);
insert into product (id_product, product_name, kcal, protein, fat, carbohydrates) values (178, 'Apple Sauce', 67.6, 0.2, 0.2, 17.1);
insert into product (id_product, product_name, kcal, protein, fat, carbohydrates) values (179, 'Soy Sauce', 53.6, 8.2, 0.6, 5);
insert into product (id_product, product_name, kcal, protein, fat, carbohydrates) values (180, 'Oyster Sauce', 51.25, 1.25, 0, 11.25);
insert into product (id_product, product_name, kcal, protein, fat, carbohydrates) values (181, 'Soy Sauce Dark', 53.1, 8.1, 0.6, 4.9);
insert into product (id_product, product_name, kcal, protein, fat, carbohydrates) values (182, 'Rice Noodles', 107.9, 1.8, 0.2, 23.9);
insert into product (id_product, product_name, kcal, protein, fat, carbohydrates) values (183, 'Garam Masala', 306.6, 11.3, 12.7, 56.7);
insert into product (id_product, product_name, kcal, protein, fat, carbohydrates) values (184, 'Fenugreek', 324.3, 23, 6.5, 59.5);
insert into product (id_product, product_name, kcal, protein, fat, carbohydrates) values (185, 'Cream', 336.3, 2.8, 36.6, 2.7);
insert into product (id_product, product_name, kcal, protein, fat, carbohydrates) values (186, 'Yogurt', 62.9, 5.2, 1.5, 7.1);
insert into product (id_product, product_name, kcal, protein, fat, carbohydrates) values (187, 'Green Chili', 39.6, 2, 0.2, 9.5);
insert into product (id_product, product_name, kcal, protein, fat, carbohydrates) values (188, 'Chili Powder', 281.5, 13.3, 14.4, 48.1);
insert into product (id_product, product_name, kcal, protein, fat, carbohydrates) values (189, 'Turmeric', 313, 9.7, 3.3, 66.6);
insert into product (id_product, product_name, kcal, protein, fat, carbohydrates) values (190, 'Coriander Seed', 300, 12.2, 17.8, 55);
insert into product (id_product, product_name, kcal, protein, fat, carbohydrates) values (191, 'Cumin Seed', 376.2, 17.6, 22.4, 44.3);
insert into product (id_product, product_name, kcal, protein, fat, carbohydrates) values (192, 'Vegetable Oil', 857, 0, 100, 0);
insert into product (id_product, product_name, kcal, protein, fat, carbohydrates) values (193, 'Ginger Paste', 210.5, 1.5, 16.8, 14.7);
insert into product (id_product, product_name, kcal, protein, fat, carbohydrates) values (194, 'Red Pepper Flakes', 316.4, 12.2, 17.2, 55.5);
insert into product (id_product, product_name, kcal, protein, fat, carbohydrates) values (195, 'Mushroom', 28.2, 2.2, 0.5, 5.2);
insert into product (id_product, product_name, kcal, protein, fat, carbohydrates) values (196, 'Salt', 0, 0, 0, 0);
insert into product (id_product, product_name, kcal, protein, fat, carbohydrates) values (197, 'Oregano', 270, 9, 4, 69);
insert into product (id_product, product_name, kcal, protein, fat, carbohydrates) values (198, 'Allspice', 263.2, 6.3, 8.9, 73.7);
insert into product (id_product, product_name, kcal, protein, fat, carbohydrates) values (199, 'Garlic Powder', 322.6, 16.5, 0.6, 74.2);
insert into product (id_product, product_name, kcal, protein, fat, carbohydrates) values (200, 'Sage', 314.3, 10, 12.9, 61.4);
insert into product (id_product, product_name, kcal, protein, fat, carbohydrates) values (201, 'Celery Salt', 97.6, 4.5, 6.2, 10.2);
insert into product (id_product, product_name, kcal, protein, fat, carbohydrates) values (202, 'Onion Salt', 39.2, 1.5, 0, 9.2);
insert into product (id_product, product_name, kcal, protein, fat, carbohydrates) values (203, 'Paprika', 282.6, 14.3, 13, 52.2);
insert into product (id_product, product_name, kcal, protein, fat, carbohydrates) values (204, 'Brown Sugar', 366.3, 0, 0, 96.6);
insert into product (id_product, product_name, kcal, protein, fat, carbohydrates) values (205, 'Fettucine Noodles', 147.7, 5.2, 0.6, 30.1);
insert into product (id_product, product_name, kcal, protein, fat, carbohydrates) values (206, 'Green Curry Paste', 105, 3.5, 0.9, 24.4);
insert into product (id_product, product_name, kcal, protein, fat, carbohydrates) values (207, 'Coconut Milk', 197, 2, 21.2, 2.8);
insert into product (id_product, product_name, kcal, protein, fat, carbohydrates) values (208, 'Bamboo Shoot', 19.1, 1.8, 0.4, 3.2);
insert into product (id_product, product_name, kcal, protein, fat, carbohydrates) values (209, 'Eggplant', 35, 0.8, 0.2, 8.7);
insert into product (id_product, product_name, kcal, protein, fat, carbohydrates) values (210, 'Green Bean', 35.2, 1.9, 0.3, 7.9);
insert into product (id_product, product_name, kcal, protein, fat, carbohydrates) values (211, 'Bell Pepper', 28.1, 1, 0.2, 6.6);
insert into product (id_product, product_name, kcal, protein, fat, carbohydrates) values (212, 'Basil Leaves', 24, 4, 0, 2);
insert into product (id_product, product_name, kcal, protein, fat, carbohydrates) values (213, 'Cilantro Leaves', 23, 2.3, 0.5, 3.8);
insert into product (id_product, product_name, kcal, protein, fat, carbohydrates) values (214, 'Fish Sauce', 35, 5.1, 0, 3.7);
insert into product (id_product, product_name, kcal, protein, fat, carbohydrates) values (215, 'Ginger', 80, 2, 1, 18);
insert into product (id_product, product_name, kcal, protein, fat, carbohydrates) values (216, 'Kaffir Lime Leaves', 315, 10, 10, 75);
insert into product (id_product, product_name, kcal, protein, fat, carbohydrates) values (217, 'Thai Chili', 40, 2, 0.3, 8.7);
insert into product (id_product, product_name, kcal, protein, fat, carbohydrates) values (218, 'Celery', 16, 0.7, 0.2, 3);
insert into product (id_product, product_name, kcal, protein, fat, carbohydrates) values (219, 'Vegetable Broth', 5.9, 0.2, 0.1, 1);
insert into product (id_product, product_name, kcal, protein, fat, carbohydrates) values (220, 'Sesame Oil', 857, 0, 100, 0);
insert into product (id_product, product_name, kcal, protein, fat, carbohydrates) values (221, 'Ham', 138.8, 22.4, 5.1, 1);
insert into product (id_product, product_name, kcal, protein, fat, carbohydrates) values (222, 'Green Olive', 144.4, 1.1, 15.2, 3.7);
insert into product (id_product, product_name, kcal, protein, fat, carbohydrates) values (223, 'Worcestershire Sauce', 76.5, 0, 0, 19.4);
insert into product (id_product, product_name, kcal, protein, fat, carbohydrates) values (224, 'Pepper', 252.2, 10.4, 3.5, 65.2);
insert into product (id_product, product_name, kcal, protein, fat, carbohydrates) values (225, 'Green Onion', 32, 1.8, 0.2, 7.3);
insert into product (id_product, product_name, kcal, protein, fat, carbohydrates) values (226, 'Red Chili', 40, 1.9, 0.4, 8.9);
insert into product (id_product, product_name, kcal, protein, fat, carbohydrates) values (227, 'Cornstarch', 375, 0.3, 0, 91.3);
insert into product (id_product, product_name, kcal, protein, fat, carbohydrates) values (228, 'Rice Vinegar', 18, 0, 0, 0.1);
insert into product (id_product, product_name, kcal, protein, fat, carbohydrates) values (229, 'Hoisin Sauce', 218.8, 3.3, 3.4, 44.4);
insert into product (id_product, product_name, kcal, protein, fat, carbohydrates) values (230, 'Jasmine Rice', 129.7, 2.7, 0.3, 28.5);
insert into product (id_product, product_name, kcal, protein, fat, carbohydrates) values (231, 'Piri-Piri Sauce', 76, 0, 29, 3);
insert into product (id_product, product_name, kcal, protein, fat, carbohydrates) values (232, 'Lemon Juice', 17, 0.4, 0, 5.6);
insert into product (id_product, product_name, kcal, protein, fat, carbohydrates) values (233, 'Cabbage', 22.7, 1.3, 0.1, 5.5);
insert into product (id_product, product_name, kcal, protein, fat, carbohydrates) values (234, 'Red Onion', 43.6, 1.4, 0.2, 10.1);
insert into product (id_product, product_name, kcal, protein, fat, carbohydrates) values (235, 'Greek Yogurt', 58.9, 10, 0.4, 3.6);
insert into product (id_product, product_name, kcal, protein, fat, carbohydrates) values (236, 'Apple Cider Vinegar', 20.7, 0, 0, 0.9);
insert into product (id_product, product_name, kcal, protein, fat, carbohydrates) values (237, 'Arborio Rice', 130.1, 2.4, 0.2, 28.5);
insert into product (id_product, product_name, kcal, protein, fat, carbohydrates) values (238, 'Prawn', 120, 1.6, 1.8, 1.6);
insert into product (id_product, product_name, kcal, protein, fat, carbohydrates) values (239, 'Fennel Bulb', 31, 1.3, 0.2, 7.4);
insert into product (id_product, product_name, kcal, protein, fat, carbohydrates) values (240, 'Cherry Tomato', 18.2, 0.9, 0.2, 3.9);
insert into product (id_product, product_name, kcal, protein, fat, carbohydrates) values (241, 'Mixed Salad Greens', 23.5, 1.4, 0.2, 4.9);
insert into product (id_product, product_name, kcal, protein, fat, carbohydrates) values (242, 'Jalapeno', 29.3, 0.9, 0.4, 6.5);
insert into product (id_product, product_name, kcal, protein, fat, carbohydrates) values (243, 'Beef Broth', 7.1, 1.1, 0.2, 0);
insert into product (id_product, product_name, kcal, protein, fat, carbohydrates) values (244, 'Kidney Beans', 127.1, 8.5, 0.5, 22.6);
insert into product (id_product, product_name, kcal, protein, fat, carbohydrates) values (245, 'Ground Cumin', 7.9, 0.4, 0.5, 0.9);
insert into product (id_product, product_name, kcal, protein, fat, carbohydrates) values (246, 'Curry Paste', 112.5, 3.8, 0.9, 25);
insert into product (id_product, product_name, kcal, protein, fat, carbohydrates) values (247, 'Tamarind Paste', 214.3, 0, 0, 57.1);
insert into product (id_product, product_name, kcal, protein, fat, carbohydrates) values (248, 'Cinnamon Stick', 246.2, 3.8, 1.5, 76.9);
insert into product (id_product, product_name, kcal, protein, fat, carbohydrates) values (249, 'Cardamom Pod', 310, 10, 5, 70);
insert into product (id_product, product_name, kcal, protein, fat, carbohydrates) values (250, 'Star Anise', 335, 20, 15, 50);
insert into product (id_product, product_name, kcal, protein, fat, carbohydrates) values (251, 'Dough', 445, 3, 25.3, 51.1);
insert into product (id_product, product_name, kcal, protein, fat, carbohydrates) values (252, 'Puff Pastry', 564.3, 7.5, 39.3, 46.4);
insert into product (id_product, product_name, kcal, protein, fat, carbohydrates) values (253, 'Oysters', 164, 18.8, 4.8, 10);
insert into product (id_product, product_name, kcal, protein, fat, carbohydrates) values (254, 'Beef Kidney', 157.8, 27.1, 0, 4.7);
insert into product (id_product, product_name, kcal, protein, fat, carbohydrates) values (255, 'Beef Stock', 12.9, 2, 0.1, 1.2);
insert into product (id_product, product_name, kcal, protein, fat, carbohydrates) values (256, 'Sweet Potato', 90.3, 2, 0.1, 21.1);
insert into product (id_product, product_name, kcal, protein, fat, carbohydrates) values (257, 'Scotch bonnet pepper', 23, 2.9, 0.6, 0.7);
insert into product (id_product, product_name, kcal, protein, fat, carbohydrates) values (258, 'Bacon', 153.3, 11.4, 11.4, 0.6);
insert into product (id_product, product_name, kcal, protein, fat, carbohydrates) values (259, 'Szechuan Peppercorn', 321.4, 35.7, 3.6, 28.6);
insert into product (id_product, product_name, kcal, protein, fat, carbohydrates) values (260, 'Rice Wine', 133.6, 0.5, 0, 5);
insert into product (id_product, product_name, kcal, protein, fat, carbohydrates) values (261, 'Lo Mein Noodles', 121.3, 4.8, 2.4, 19.9);
insert into product (id_product, product_name, kcal, protein, fat, carbohydrates) values (262, 'Bean Sprout', 21, 2, 0.1, 4.2);
insert into product (id_product, product_name, kcal, protein, fat, carbohydrates) values (263, 'Nutmeg', 545.5, 5.9, 36.4, 50);
insert into product (id_product, product_name, kcal, protein, fat, carbohydrates) values (264, 'Bread Crumb', 400, 13.6, 5.4, 71.4);
insert into product (id_product, product_name, kcal, protein, fat, carbohydrates) values (265, 'Oil', 885.7, 0, 100, 0);
insert into product (id_product, product_name, kcal, protein, fat, carbohydrates) values (266, 'Tomato Sauce', 23.6, 1.2, 0.3, 5.3);
insert into product (id_product, product_name, kcal, protein, fat, carbohydrates) values (267, 'Ground Cinnamon', 246.2, 3.8, 1.2, 80.8);
insert into product (id_product, product_name, kcal, protein, fat, carbohydrates) values (268, 'Mulukhiyah', 65.7, 5.6, 4, 2.3);
insert into product (id_product, product_name, kcal, protein, fat, carbohydrates) values (269, 'Coriander leaves', 23, 2.3, 0.5, 3.8);
insert into product (id_product, product_name, kcal, protein, fat, carbohydrates) values (270, 'Chicken Broth', 6, 0.6, 0.2, 0.4);
insert into product (id_product, product_name, kcal, protein, fat, carbohydrates) values (271, 'Ground Coriander', 300, 12.2, 17.8, 55);
insert into product (id_product, product_name, kcal, protein, fat, carbohydrates) values (272, 'Pita Bread', 275, 9.2, 1.2, 55);
insert into product (id_product, product_name, kcal, protein, fat, carbohydrates) values (273, 'Chickpea', 164, 9.1, 2.6, 27.4);
insert into product (id_product, product_name, kcal, protein, fat, carbohydrates) values (274, 'Pine Nuts', 682.1, 13.9, 67.9, 13.2);
insert into product (id_product, product_name, kcal, protein, fat, carbohydrates) values (275, 'Shallot', 72.1, 2.6, 0.1, 16.5);
insert into product (id_product, product_name, kcal, protein, fat, carbohydrates) values (276, 'Lemongrass', 98.5, 1.8, 0.5, 25.4);
insert into product (id_product, product_name, kcal, protein, fat, carbohydrates) values (277, 'Candlenut', 635.7, 7.1, 67.9, 12.1);
insert into product (id_product, product_name, kcal, protein, fat, carbohydrates) values (278, 'Tamarind Pulp', 239.2, 2.8, 0.6, 62.5);
insert into product (id_product, product_name, kcal, protein, fat, carbohydrates) values (279, 'Liver Spread', 173, 8, 7.5, 18);
insert into product (id_product, product_name, kcal, protein, fat, carbohydrates) values (280, 'Green Pea', 83.8, 5.4, 0.2, 15.6);
insert into product (id_product, product_name, kcal, protein, fat, carbohydrates) values (281, 'Lime Juice', 25, 0.4, 0.1, 8.4);
insert into product (id_product, product_name, kcal, protein, fat, carbohydrates) values (282, 'Vermicelli Noodles', 157.9, 5.8, 0.9, 30.7);
insert into product (id_product, product_name, kcal, protein, fat, carbohydrates) values (283, 'Vegetables', 64.8, 2.9, 0.2, 13.2);
insert into product (id_product, product_name, kcal, protein, fat, carbohydrates) values (284, 'Herbs', 171.4, 12.9, 3.9, 31.8);
insert into product (id_product, product_name, kcal, protein, fat, carbohydrates) values (285, 'Pork Belly', 296.4, 23.2, 21.8, 0);
insert into product (id_product, product_name, kcal, protein, fat, carbohydrates) values (286, 'Pork Sausage', 326.1, 18.5, 28.3, 1.4);
insert into product (id_product, product_name, kcal, protein, fat, carbohydrates) values (287, 'White Beans', 139.1, 9.5, 0.4, 25.1);
insert into product (id_product, product_name, kcal, protein, fat, carbohydrates) values (288, 'Ground Pork', 296.8, 25.9, 21.2, 0);
insert into product (id_product, product_name, kcal, protein, fat, carbohydrates) values (289, 'Wonton Wraps', 287.5, 9.8, 1.5, 57.5);
insert into product (id_product, product_name, kcal, protein, fat, carbohydrates) values (290, 'White Pepper', 295.8, 10.4, 2.1, 66.7);
insert into product (id_product, product_name, kcal, protein, fat, carbohydrates) values (291, 'Pork Broth', 12.9, 2, 0.1, 1.2);
insert into product (id_product, product_name, kcal, protein, fat, carbohydrates) values (292, 'Tofu', 83.5, 10, 5.3, 1.2);
insert into product (id_product, product_name, kcal, protein, fat, carbohydrates) values (293, 'Shiitake Mushrooms', 34.2, 2.3, 0.5, 6.8);
insert into product (id_product, product_name, kcal, protein, fat, carbohydrates) values (294, 'Wood Ear Mushroom', 55.6, 1.5, 0.2, 13.9);
insert into product (id_product, product_name, kcal, protein, fat, carbohydrates) values (295, 'White Vinegar', 18, 0, 0, 0.1);
insert into product (id_product, product_name, kcal, protein, fat, carbohydrates) values (296, 'Chili Sauce', 91.7, 2.5, 0.3, 20);
insert into product (id_product, product_name, kcal, protein, fat, carbohydrates) values (297, 'Split Pea', 117.9, 8.2, 0.4, 20.9);
insert into product (id_product, product_name, kcal, protein, fat, carbohydrates) values (298, 'Celery Root', 27.1, 1, 0.2, 5.9);
insert into product (id_product, product_name, kcal, protein, fat, carbohydrates) values (299, 'Sausage', 308.8, 11.9, 27.9, 0.9);
insert into product (id_product, product_name, kcal, protein, fat, carbohydrates) values (300, 'Pork Chop', 208.9, 25.5, 10.8, 0);
insert into product (id_product, product_name, kcal, protein, fat, carbohydrates) values (301, 'Zucchini', 15, 1.2, 0.4, 2.7);
insert into product (id_product, product_name, kcal, protein, fat, carbohydrates) values (302, 'Cinnamon', 246.2, 3.8, 1.2, 80.8);
insert into product (id_product, product_name, kcal, protein, fat, carbohydrates) values (303, 'Bbq Sauce', 414.3, 2, 1.5, 100);
insert into product (id_product, product_name, kcal, protein, fat, carbohydrates) values (304, 'Hamburger Bun', 278.3, 9.8, 3.7, 50);
insert into product (id_product, product_name, kcal, protein, fat, carbohydrates) values (305, 'Sauerkraut', 19, 0.9, 0.1, 4.3);
insert into product (id_product, product_name, kcal, protein, fat, carbohydrates) values (306, 'Juniper Berries', 252.2, 10.4, 3.5, 65.2);
insert into product (id_product, product_name, kcal, protein, fat, carbohydrates) values (307, 'Mirin', 248.3, 0.3, 0, 0);
insert into product (id_product, product_name, kcal, protein, fat, carbohydrates) values (308, 'Panko Breadcrumbs', 396.3, 13.3, 5.2, 70.4);
insert into product (id_product, product_name, kcal, protein, fat, carbohydrates) values (309, 'Cooked Rice', 129.7, 2.7, 0.3, 28.5);
insert into product (id_product, product_name, kcal, protein, fat, carbohydrates) values (310, 'Pork Loin', 192, 25.9, 8.8, 0);
insert into product (id_product, product_name, kcal, protein, fat, carbohydrates) values (311, 'Kimchi', 15.3, 1.1, 0.5, 2.4);
insert into product (id_product, product_name, kcal, protein, fat, carbohydrates) values (312, 'Ice Cube', 0, 0, 0, 0);
insert into product (id_product, product_name, kcal, protein, fat, carbohydrates) values (313, 'Cardamom Powder', 311, 10.76, 6.7, 68.47);
insert into product (id_product, product_name, kcal, protein, fat, carbohydrates) values (314, 'Long Grain Rice', 129.7, 2.7, 0.3, 28.5);
insert into product (id_product, product_name, kcal, protein, fat, carbohydrates) values (315, 'Pandan Leaves', 1, 0.1, 0, 0.1);
insert into product (id_product, product_name, kcal, protein, fat, carbohydrates) values (316, 'Yeast', 325, 40, 7.5, 40);
insert into product (id_product, product_name, kcal, protein, fat, carbohydrates) values (317, 'Green Pepper', 28.1, 0.9, 0.2, 6.7);
insert into product (id_product, product_name, kcal, protein, fat, carbohydrates) values (318, 'Wallnut', 666.7, 16.7, 63.3, 13.3);
insert into product (id_product, product_name, kcal, protein, fat, carbohydrates) values (319, 'Chili Pepper', 40, 1.9, 0.4, 8.9);
insert into product (id_product, product_name, kcal, protein, fat, carbohydrates) values (320, 'Cake Flour', 362, 8, 0.9, 78.1);
insert into product (id_product, product_name, kcal, protein, fat, carbohydrates) values (321, 'Maple Syrup', 260, 0.1, 0.1, 65);
insert into product (id_product, product_name, kcal, protein, fat, carbohydrates) values (322, 'Baking Powder', 52.2, 0, 0, 28.3);
insert into product (id_product, product_name, kcal, protein, fat, carbohydrates) values (323, 'Vanilla Extract', 285.7, 0, 0, 12.6);
insert into product (id_product, product_name, kcal, protein, fat, carbohydrates) values (324, 'Tahinis', 593.3, 17.3, 53.3, 21.3);
insert into product (id_product, product_name, kcal, protein, fat, carbohydrates) values (325, 'Cumin', 376.2, 17.6, 22.4, 44.3);
insert into product (id_product, product_name, kcal, protein, fat, carbohydrates) values (326, 'Cassava', 160.2, 1.4, 0.3, 37.9);
insert into product (id_product, product_name, kcal, protein, fat, carbohydrates) values (327, 'Cilantro', 23, 2.3, 0.5, 3.8);
insert into product (id_product, product_name, kcal, protein, fat, carbohydrates) values (328, 'Bread Roll', 271.4, 8.6, 6.4, 46.4);
insert into product (id_product, product_name, kcal, protein, fat, carbohydrates) values (329, 'Paneer', 299.2, 18, 23.8, 3);
insert into product (id_product, product_name, kcal, protein, fat, carbohydrates) values (330, 'Ginger Garlic Paste', 321.1, 2.5, 28.4, 16.8);
insert into product (id_product, product_name, kcal, protein, fat, carbohydrates) values (331, 'Feta Cheese', 267.9, 14.3, 21.4, 4.3);
insert into product (id_product, product_name, kcal, protein, fat, carbohydrates) values (332, 'Fresh Mint', 44, 3.3, 0.7, 8.7);
insert into product (id_product, product_name, kcal, protein, fat, carbohydrates) values (333, 'Chaat Masala', 272, 6, 4.1, 55);
insert into product (id_product, product_name, kcal, protein, fat, carbohydrates) values (334, 'Sev', 560, 14, 40, 37.1);
insert into product (id_product, product_name, kcal, protein, fat, carbohydrates) values (335, 'Coriander', 283.3, 21.7, 5, 51.7);
insert into product (id_product, product_name, kcal, protein, fat, carbohydrates) values (336, 'Tamarind Chutney', 105.6, 0.6, 0.2, 27.2);
insert into product (id_product, product_name, kcal, protein, fat, carbohydrates) values (337, 'Green Chutney', 123.5, 5, 8.2, 10);
insert into meal (id_meal, meal_name, meal_type) values (1, 'Pad See Ew', 'Lunch - Dinner');
insert into meal (id_meal, meal_name, meal_type) values (2, 'Chicken Handi', 'Lunch - Dinner');
insert into meal (id_meal, meal_name, meal_type) values (3, 'Chicken Alfredo Primavera', 'Lunch - Dinner');
insert into meal (id_meal, meal_name, meal_type) values (4, 'Kentucky Fried Chicken', 'Lunch - Dinner');
insert into meal (id_meal, meal_name, meal_type) values (5, 'Thai Green Curry', 'Lunch - Dinner');
insert into meal (id_meal, meal_name, meal_type) values (6, 'Chicken & mushroom Hotpot', 'Lunch - Dinner');
insert into meal (id_meal, meal_name, meal_type) values (7, 'Chicken Basquaise', 'Lunch - Dinner');
insert into meal (id_meal, meal_name, meal_type) values (8, 'Brown Stew Chicken', 'Lunch - Dinner');
insert into meal (id_meal, meal_name, meal_type) values (9, 'Kung Pao Chicken', 'Lunch - Dinner');
insert into meal (id_meal, meal_name, meal_type) values (10, 'Chicken Congee', 'Breakfast');
insert into meal (id_meal, meal_name, meal_type) values (11, 'Piri-piri chicken and slaw', 'Lunch - Dinner');
insert into meal (id_meal, meal_name, meal_type) values (12, 'Honey Teriyaki Salmon', 'Lunch - Dinner');
insert into meal (id_meal, meal_name, meal_type) values (13, 'Salmon Prawn Risotto', 'Lunch - Dinner');
insert into meal (id_meal, meal_name, meal_type) values (14, 'Baked salmon with fennel & tomatoes', 'Lunch - Dinner');
insert into meal (id_meal, meal_name, meal_type) values (15, 'Salmon Avocado Salad', 'Lunch - Dinner');
insert into meal (id_meal, meal_name, meal_type) values (16, 'Fish Soup (Ukha)', 'Lunch - Dinner');
insert into meal (id_meal, meal_name, meal_type) values (17, 'Beef Sunday Roast', 'Lunch - Dinner');
insert into meal (id_meal, meal_name, meal_type) values (18, 'Braised Beef Chilli', 'Lunch - Dinner');
insert into meal (id_meal, meal_name, meal_type) values (19, 'Massaman Beef curry', 'Lunch - Dinner');
insert into meal (id_meal, meal_name, meal_type) values (20, 'Beef Dumpling Stew', 'Lunch - Dinner');
insert into meal (id_meal, meal_name, meal_type) values (21, 'Beef and Mustard Pie', 'Lunch - Dinner');
insert into meal (id_meal, meal_name, meal_type) values (22, 'Beef and Oyster pie', 'Lunch - Dinner');
insert into meal (id_meal, meal_name, meal_type) values (23, 'Steak and Kidney Pie', 'Lunch - Dinner');
insert into meal (id_meal, meal_name, meal_type) values (24, 'Red Peas Soup', 'Lunch - Dinner');
insert into meal (id_meal, meal_name, meal_type) values (25, 'Szechuan Beef', 'Lunch - Dinner');
insert into meal (id_meal, meal_name, meal_type) values (26, 'Beef Lo Mein', 'Lunch - Dinner');
insert into meal (id_meal, meal_name, meal_type) values (27, 'Bitterballen (Dutch meatballs)', 'Lunch - Dinner');
insert into meal (id_meal, meal_name, meal_type) values (28, 'Moussaka', 'Lunch - Dinner');
insert into meal (id_meal, meal_name, meal_type) values (29, 'Mulukhiyah', 'Lunch - Dinner');
insert into meal (id_meal, meal_name, meal_type) values (30, 'Egyptian Fatteh', 'Lunch - Dinner');
insert into meal (id_meal, meal_name, meal_type) values (31, 'Beef Rendang', 'Lunch - Dinner');
insert into meal (id_meal, meal_name, meal_type) values (32, 'Traditional Croatian Goulash', 'Lunch - Dinner');
insert into meal (id_meal, meal_name, meal_type) values (33, 'Beef Mechado', 'Lunch - Dinner');
insert into meal (id_meal, meal_name, meal_type) values (34, 'Bistek', 'Lunch - Dinner');
insert into meal (id_meal, meal_name, meal_type) values (35, 'Beef Caldereta', 'Lunch - Dinner');
insert into meal (id_meal, meal_name, meal_type) values (36, 'Beef Asado', 'Lunch - Dinner');
insert into meal (id_meal, meal_name, meal_type) values (37, 'Vietnamese Grilled Pork (bun-thit-nuong)', 'Lunch - Dinner');
insert into meal (id_meal, meal_name, meal_type) values (38, 'Pork Cassoulet', 'Lunch - Dinner');
insert into meal (id_meal, meal_name, meal_type) values (39, 'Wontons', 'Lunch - Dinner');
insert into meal (id_meal, meal_name, meal_type) values (40, 'Sweet and Sour Pork', 'Lunch - Dinner');
insert into meal (id_meal, meal_name, meal_type) values (41, 'Hot and Sour Soup', 'Lunch - Dinner');
insert into meal (id_meal, meal_name, meal_type) values (42, 'Snert (Dutch Split Pea Soup)', 'Lunch - Dinner');
insert into meal (id_meal, meal_name, meal_type) values (43, 'Skillet Apple Pork Chops with Roasted Sweet Potatoes & Zucchini', 'Lunch - Dinner');
insert into meal (id_meal, meal_name, meal_type) values (44, 'BBQ Pork Sloppy Joes', 'Lunch - Dinner');
insert into meal (id_meal, meal_name, meal_type) values (45, 'Bigos (Hunters Stew)', 'Lunch - Dinner');
insert into meal (id_meal, meal_name, meal_type) values (46, 'Japanese Katsudon', 'Lunch - Dinner');
insert into meal (id_meal, meal_name, meal_type) values (47, 'Portuguese barbecued pork (Febras assadas)', 'Lunch - Dinner');
insert into meal (id_meal, meal_name, meal_type) values (48, 'Korean vegetable pancakes (buchimgae)', 'Breakfast');
insert into meal (id_meal, meal_name, meal_type) values (49, 'Korean kimchi fried rice', 'Breakfast');
insert into meal (id_meal, meal_name, meal_type) values (50, 'Asian breakfast egg fried rice', 'Breakfast');
insert into meal (id_meal, meal_name, meal_type) values (51, 'Indian mango lassi', 'Breakfast');
insert into meal (id_meal, meal_name, meal_type) values (52, 'Malaysian Nasi Uduk', 'Breakfast');
insert into meal (id_meal, meal_name, meal_type) values (53, 'Turkish simit', 'Breakfast');
insert into meal (id_meal, meal_name, meal_type) values (54, 'Turkish Çılbır', 'Breakfast');
insert into meal (id_meal, meal_name, meal_type) values (55, 'Turkish Menemen', 'Breakfast');
insert into meal (id_meal, meal_name, meal_type) values (56, 'Middle Eastern Makdous', 'Breakfast');
insert into meal (id_meal, meal_name, meal_type) values (57, 'Japanese style pancakes', 'Breakfast');
insert into meal (id_meal, meal_name, meal_type) values (58, 'Hummus Msabbaha', 'Snack');
insert into meal (id_meal, meal_name, meal_type) values (59, 'Egyptian Hawawshi (Stuffed Pita)', 'Snack');
insert into meal (id_meal, meal_name, meal_type) values (60, 'Panamanian Carimañolas (Cassava Fritters)', 'Snack');
insert into meal (id_meal, meal_name, meal_type) values (61, 'Bifana (Portuguese Marinated Pork Sandwich)', 'Snack');
insert into meal (id_meal, meal_name, meal_type) values (62, 'Spinach Fatayer (Lebanese Spinach Pastry)', 'Snack');
insert into meal (id_meal, meal_name, meal_type) values (63, 'Paneer Tikka', 'Snack');
insert into meal (id_meal, meal_name, meal_type) values (64, 'Kolokithokeftedes (Greek Zucchini Fritters)', 'Snack');
insert into meal (id_meal, meal_name, meal_type) values (65, 'Aloo Chaat (Potato Chaat)', 'Snack');
insert into meal (id_meal, meal_name, meal_type) values (66, 'Torta Frita (Uruguayan Fried Sweet Bread)', 'Snack');
insert into meals_from_products (id_meal, id_product, amount) values (1, 143, 140);
insert into meals_from_products (id_meal, id_product, amount) values (1, 7, 50);
insert into meals_from_products (id_meal, id_product, amount) values (1, 54, 270);
insert into meals_from_products (id_meal, id_product, amount) values (1, 57, 8);
insert into meals_from_products (id_meal, id_product, amount) values (1, 177, 30);
insert into meals_from_products (id_meal, id_product, amount) values (1, 178, 30);
insert into meals_from_products (id_meal, id_product, amount) values (1, 46, 8.4);
insert into meals_from_products (id_meal, id_product, amount) values (1, 124, 35);
insert into meals_from_products (id_meal, id_product, amount) values (1, 179, 10);
insert into meals_from_products (id_meal, id_product, amount) values (1, 80, 40);
insert into meals_from_products (id_meal, id_product, amount) values (1, 181, 40);
insert into meals_from_products (id_meal, id_product, amount) values (1, 182, 180);
insert into meals_from_products (id_meal, id_product, amount) values (2, 183, 1.5);
insert into meals_from_products (id_meal, id_product, amount) values (2, 184, 11.1);
insert into meals_from_products (id_meal, id_product, amount) values (2, 185, 60);
insert into meals_from_products (id_meal, id_product, amount) values (2, 186, 120);
insert into meals_from_products (id_meal, id_product, amount) values (2, 187, 20);
insert into meals_from_products (id_meal, id_product, amount) values (2, 188, 3);
insert into meals_from_products (id_meal, id_product, amount) values (2, 189, 3);
insert into meals_from_products (id_meal, id_product, amount) values (2, 190, 5);
insert into meals_from_products (id_meal, id_product, amount) values (2, 191, 5);
insert into meals_from_products (id_meal, id_product, amount) values (2, 192, 30);
insert into meals_from_products (id_meal, id_product, amount) values (2, 193, 15);
insert into meals_from_products (id_meal, id_product, amount) values (2, 57, 15);
insert into meals_from_products (id_meal, id_product, amount) values (2, 67, 200);
insert into meals_from_products (id_meal, id_product, amount) values (2, 73, 150);
insert into meals_from_products (id_meal, id_product, amount) values (2, 143, 500);
insert into meals_from_products (id_meal, id_product, amount) values (3, 144, 100);
insert into meals_from_products (id_meal, id_product, amount) values (3, 185, 120);
insert into meals_from_products (id_meal, id_product, amount) values (3, 6, 120);
insert into meals_from_products (id_meal, id_product, amount) values (3, 80, 120);
insert into meals_from_products (id_meal, id_product, amount) values (3, 194, 0.9);
insert into meals_from_products (id_meal, id_product, amount) values (3, 57, 15);
insert into meals_from_products (id_meal, id_product, amount) values (3, 73, 94);
insert into meals_from_products (id_meal, id_product, amount) values (3, 64, 120);
insert into meals_from_products (id_meal, id_product, amount) values (3, 195, 226.8);
insert into meals_from_products (id_meal, id_product, amount) values (3, 54, 300);
insert into meals_from_products (id_meal, id_product, amount) values (3, 56, 130);
insert into meals_from_products (id_meal, id_product, amount) values (3, 196, 6);
insert into meals_from_products (id_meal, id_product, amount) values (3, 143, 600);
insert into meals_from_products (id_meal, id_product, amount) values (3, 157, 42);
insert into meals_from_products (id_meal, id_product, amount) values (3, 155, 28);
insert into meals_from_products (id_meal, id_product, amount) values (4, 197, 0.5);
insert into meals_from_products (id_meal, id_product, amount) values (4, 198, 1);
insert into meals_from_products (id_meal, id_product, amount) values (4, 199, 1.6);
insert into meals_from_products (id_meal, id_product, amount) values (4, 200, 0.4);
insert into meals_from_products (id_meal, id_product, amount) values (4, 201, 2.1);
insert into meals_from_products (id_meal, id_product, amount) values (4, 125, 2.3);
insert into meals_from_products (id_meal, id_product, amount) values (4, 188, 2.7);
insert into meals_from_products (id_meal, id_product, amount) values (4, 202, 10.4);
insert into meals_from_products (id_meal, id_product, amount) values (4, 203, 2.3);
insert into meals_from_products (id_meal, id_product, amount) values (4, 196, 6);
insert into meals_from_products (id_meal, id_product, amount) values (4, 204, 3);
insert into meals_from_products (id_meal, id_product, amount) values (4, 97, 62.5);
insert into meals_from_products (id_meal, id_product, amount) values (4, 7, 50);
insert into meals_from_products (id_meal, id_product, amount) values (4, 143, 1000);
insert into meals_from_products (id_meal, id_product, amount) values (5, 143, 400);
insert into meals_from_products (id_meal, id_product, amount) values (5, 206, 200);
insert into meals_from_products (id_meal, id_product, amount) values (5, 207, 400);
insert into meals_from_products (id_meal, id_product, amount) values (5, 208, 150);
insert into meals_from_products (id_meal, id_product, amount) values (5, 209, 150);
insert into meals_from_products (id_meal, id_product, amount) values (5, 210, 100);
insert into meals_from_products (id_meal, id_product, amount) values (5, 211, 100);
insert into meals_from_products (id_meal, id_product, amount) values (5, 63, 100);
insert into meals_from_products (id_meal, id_product, amount) values (5, 212, 50);
insert into meals_from_products (id_meal, id_product, amount) values (5, 213, 50);
insert into meals_from_products (id_meal, id_product, amount) values (5, 214, 30);
insert into meals_from_products (id_meal, id_product, amount) values (5, 141, 30);
insert into meals_from_products (id_meal, id_product, amount) values (5, 192, 20);
insert into meals_from_products (id_meal, id_product, amount) values (5, 215, 10);
insert into meals_from_products (id_meal, id_product, amount) values (5, 57, 10);
insert into meals_from_products (id_meal, id_product, amount) values (5, 216, 5);
insert into meals_from_products (id_meal, id_product, amount) values (5, 217, 2);
insert into meals_from_products (id_meal, id_product, amount) values (5, 196, 1);
insert into meals_from_products (id_meal, id_product, amount) values (6, 143, 500);
insert into meals_from_products (id_meal, id_product, amount) values (6, 195, 300);
insert into meals_from_products (id_meal, id_product, amount) values (6, 63, 200);
insert into meals_from_products (id_meal, id_product, amount) values (6, 4, 200);
insert into meals_from_products (id_meal, id_product, amount) values (6, 73, 150);
insert into meals_from_products (id_meal, id_product, amount) values (6, 218, 100);
insert into meals_from_products (id_meal, id_product, amount) values (6, 68, 50);
insert into meals_from_products (id_meal, id_product, amount) values (6, 215, 50);
insert into meals_from_products (id_meal, id_product, amount) values (6, 57, 30);
insert into meals_from_products (id_meal, id_product, amount) values (6, 192, 30);
insert into meals_from_products (id_meal, id_product, amount) values (6, 219, 1000);
insert into meals_from_products (id_meal, id_product, amount) values (6, 179, 30);
insert into meals_from_products (id_meal, id_product, amount) values (6, 180, 15);
insert into meals_from_products (id_meal, id_product, amount) values (6, 220, 15);
insert into meals_from_products (id_meal, id_product, amount) values (6, 46, 5);
insert into meals_from_products (id_meal, id_product, amount) values (6, 196, 1);
insert into meals_from_products (id_meal, id_product, amount) values (7, 143, 800);
insert into meals_from_products (id_meal, id_product, amount) values (7, 211, 40);
insert into meals_from_products (id_meal, id_product, amount) values (7, 73, 300);
insert into meals_from_products (id_meal, id_product, amount) values (7, 67, 200);
insert into meals_from_products (id_meal, id_product, amount) values (7, 221, 150);
insert into meals_from_products (id_meal, id_product, amount) values (7, 222, 100);
insert into meals_from_products (id_meal, id_product, amount) values (7, 88, 50);
insert into meals_from_products (id_meal, id_product, amount) values (7, 157, 30);
insert into meals_from_products (id_meal, id_product, amount) values (7, 57, 20);
insert into meals_from_products (id_meal, id_product, amount) values (7, 97, 15);
insert into meals_from_products (id_meal, id_product, amount) values (7, 65, 10);
insert into meals_from_products (id_meal, id_product, amount) values (7, 66, 5);
insert into meals_from_products (id_meal, id_product, amount) values (7, 196, 3);
insert into meals_from_products (id_meal, id_product, amount) values (8, 143, 800);
insert into meals_from_products (id_meal, id_product, amount) values (8, 63, 300);
insert into meals_from_products (id_meal, id_product, amount) values (8, 4, 300);
insert into meals_from_products (id_meal, id_product, amount) values (8, 73, 200);
insert into meals_from_products (id_meal, id_product, amount) values (8, 211, 200);
insert into meals_from_products (id_meal, id_product, amount) values (8, 67, 150);
insert into meals_from_products (id_meal, id_product, amount) values (8, 97, 100);
insert into meals_from_products (id_meal, id_product, amount) values (8, 192, 50);
insert into meals_from_products (id_meal, id_product, amount) values (8, 148, 50);
insert into meals_from_products (id_meal, id_product, amount) values (8, 179, 30);
insert into meals_from_products (id_meal, id_product, amount) values (8, 204, 20);
insert into meals_from_products (id_meal, id_product, amount) values (8, 128, 20);
insert into meals_from_products (id_meal, id_product, amount) values (8, 66, 10);
insert into meals_from_products (id_meal, id_product, amount) values (8, 65, 10);
insert into meals_from_products (id_meal, id_product, amount) values (8, 215, 5);
insert into meals_from_products (id_meal, id_product, amount) values (8, 223, 5);
insert into meals_from_products (id_meal, id_product, amount) values (8, 196, 3);
insert into meals_from_products (id_meal, id_product, amount) values (8, 224, 3);
insert into meals_from_products (id_meal, id_product, amount) values (9, 143, 600);
insert into meals_from_products (id_meal, id_product, amount) values (9, 211, 200);
insert into meals_from_products (id_meal, id_product, amount) values (9, 175, 100);
insert into meals_from_products (id_meal, id_product, amount) values (9, 225, 100);
insert into meals_from_products (id_meal, id_product, amount) values (9, 63, 100);
insert into meals_from_products (id_meal, id_product, amount) values (9, 226, 50);
insert into meals_from_products (id_meal, id_product, amount) values (9, 57, 50);
insert into meals_from_products (id_meal, id_product, amount) values (9, 215, 50);
insert into meals_from_products (id_meal, id_product, amount) values (9, 227, 30);
insert into meals_from_products (id_meal, id_product, amount) values (9, 192, 30);
insert into meals_from_products (id_meal, id_product, amount) values (9, 179, 30);
insert into meals_from_products (id_meal, id_product, amount) values (9, 228, 20);
insert into meals_from_products (id_meal, id_product, amount) values (9, 229, 20);
insert into meals_from_products (id_meal, id_product, amount) values (9, 46, 20);
insert into meals_from_products (id_meal, id_product, amount) values (9, 220, 10);
insert into meals_from_products (id_meal, id_product, amount) values (9, 196, 3);
insert into meals_from_products (id_meal, id_product, amount) values (9, 224, 3);
insert into meals_from_products (id_meal, id_product, amount) values (10, 143, 200);
insert into meals_from_products (id_meal, id_product, amount) values (10, 230, 100);
insert into meals_from_products (id_meal, id_product, amount) values (10, 215, 50);
insert into meals_from_products (id_meal, id_product, amount) values (10, 225, 50);
insert into meals_from_products (id_meal, id_product, amount) values (10, 57, 30);
insert into meals_from_products (id_meal, id_product, amount) values (10, 192, 20);
insert into meals_from_products (id_meal, id_product, amount) values (10, 179, 10);
insert into meals_from_products (id_meal, id_product, amount) values (10, 220, 5);
insert into meals_from_products (id_meal, id_product, amount) values (10, 196, 3);
insert into meals_from_products (id_meal, id_product, amount) values (10, 224, 3);
insert into meals_from_products (id_meal, id_product, amount) values (11, 143, 800);
insert into meals_from_products (id_meal, id_product, amount) values (11, 231, 100);
insert into meals_from_products (id_meal, id_product, amount) values (11, 157, 30);
insert into meals_from_products (id_meal, id_product, amount) values (11, 232, 30);
insert into meals_from_products (id_meal, id_product, amount) values (11, 57, 10);
insert into meals_from_products (id_meal, id_product, amount) values (11, 203, 5);
insert into meals_from_products (id_meal, id_product, amount) values (11, 196, 10);
insert into meals_from_products (id_meal, id_product, amount) values (11, 125, 6);
insert into meals_from_products (id_meal, id_product, amount) values (11, 233, 300);
insert into meals_from_products (id_meal, id_product, amount) values (11, 63, 150);
insert into meals_from_products (id_meal, id_product, amount) values (11, 234, 100);
insert into meals_from_products (id_meal, id_product, amount) values (11, 123, 100);
insert into meals_from_products (id_meal, id_product, amount) values (11, 235, 50);
insert into meals_from_products (id_meal, id_product, amount) values (11, 236, 15);
insert into meals_from_products (id_meal, id_product, amount) values (11, 47, 15);
insert into meals_from_products (id_meal, id_product, amount) values (12, 131, 600);
insert into meals_from_products (id_meal, id_product, amount) values (12, 179, 80);
insert into meals_from_products (id_meal, id_product, amount) values (12, 47, 60);
insert into meals_from_products (id_meal, id_product, amount) values (12, 228, 30);
insert into meals_from_products (id_meal, id_product, amount) values (12, 57, 10);
insert into meals_from_products (id_meal, id_product, amount) values (12, 215, 10);
insert into meals_from_products (id_meal, id_product, amount) values (12, 220, 10);
insert into meals_from_products (id_meal, id_product, amount) values (12, 227, 5);
insert into meals_from_products (id_meal, id_product, amount) values (12, 178, 30);
insert into meals_from_products (id_meal, id_product, amount) values (13, 237, 300);
insert into meals_from_products (id_meal, id_product, amount) values (13, 131, 300);
insert into meals_from_products (id_meal, id_product, amount) values (13, 238, 200);
insert into meals_from_products (id_meal, id_product, amount) values (13, 73, 100);
insert into meals_from_products (id_meal, id_product, amount) values (13, 57, 10);
insert into meals_from_products (id_meal, id_product, amount) values (13, 80, 100);
insert into meals_from_products (id_meal, id_product, amount) values (13, 219, 1000);
insert into meals_from_products (id_meal, id_product, amount) values (13, 144, 100);
insert into meals_from_products (id_meal, id_product, amount) values (13, 157, 30);
insert into meals_from_products (id_meal, id_product, amount) values (13, 155, 30);
insert into meals_from_products (id_meal, id_product, amount) values (13, 232, 30);
insert into meals_from_products (id_meal, id_product, amount) values (13, 196, 5);
insert into meals_from_products (id_meal, id_product, amount) values (13, 125, 3);
insert into meals_from_products (id_meal, id_product, amount) values (14, 131, 600);
insert into meals_from_products (id_meal, id_product, amount) values (14, 239, 300);
insert into meals_from_products (id_meal, id_product, amount) values (14, 240, 200);
insert into meals_from_products (id_meal, id_product, amount) values (14, 157, 30);
insert into meals_from_products (id_meal, id_product, amount) values (14, 232, 30);
insert into meals_from_products (id_meal, id_product, amount) values (14, 57, 10);
insert into meals_from_products (id_meal, id_product, amount) values (14, 60, 10);
insert into meals_from_products (id_meal, id_product, amount) values (14, 196, 5);
insert into meals_from_products (id_meal, id_product, amount) values (14, 125, 3);
insert into meals_from_products (id_meal, id_product, amount) values (15, 131, 300);
insert into meals_from_products (id_meal, id_product, amount) values (15, 25, 200);
insert into meals_from_products (id_meal, id_product, amount) values (15, 241, 150);
insert into meals_from_products (id_meal, id_product, amount) values (15, 240, 100);
insert into meals_from_products (id_meal, id_product, amount) values (15, 51, 100);
insert into meals_from_products (id_meal, id_product, amount) values (15, 234, 50);
insert into meals_from_products (id_meal, id_product, amount) values (15, 232, 30);
insert into meals_from_products (id_meal, id_product, amount) values (15, 157, 30);
insert into meals_from_products (id_meal, id_product, amount) values (15, 196, 5);
insert into meals_from_products (id_meal, id_product, amount) values (15, 125, 3);
insert into meals_from_products (id_meal, id_product, amount) values (16, 131, 500);
insert into meals_from_products (id_meal, id_product, amount) values (16, 96, 1500);
insert into meals_from_products (id_meal, id_product, amount) values (16, 4, 300);
insert into meals_from_products (id_meal, id_product, amount) values (16, 63, 150);
insert into meals_from_products (id_meal, id_product, amount) values (16, 73, 100);
insert into meals_from_products (id_meal, id_product, amount) values (16, 127, 2);
insert into meals_from_products (id_meal, id_product, amount) values (16, 65, 20);
insert into meals_from_products (id_meal, id_product, amount) values (16, 60, 20);
insert into meals_from_products (id_meal, id_product, amount) values (16, 232, 30);
insert into meals_from_products (id_meal, id_product, amount) values (16, 196, 10);
insert into meals_from_products (id_meal, id_product, amount) values (16, 125, 5);
insert into meals_from_products (id_meal, id_product, amount) values (16, 155, 30);
insert into meals_from_products (id_meal, id_product, amount) values (17, 16, 600);
insert into meals_from_products (id_meal, id_product, amount) values (17, 54, 300);
insert into meals_from_products (id_meal, id_product, amount) values (17, 97, 140);
insert into meals_from_products (id_meal, id_product, amount) values (17, 7, 200);
insert into meals_from_products (id_meal, id_product, amount) values (17, 6, 200);
insert into meals_from_products (id_meal, id_product, amount) values (17, 4, 500);
insert into meals_from_products (id_meal, id_product, amount) values (17, 63, 300);
insert into meals_from_products (id_meal, id_product, amount) values (18, 16, 500);
insert into meals_from_products (id_meal, id_product, amount) values (18, 73, 150);
insert into meals_from_products (id_meal, id_product, amount) values (18, 211, 200);
insert into meals_from_products (id_meal, id_product, amount) values (18, 57, 20);
insert into meals_from_products (id_meal, id_product, amount) values (18, 242, 30);
insert into meals_from_products (id_meal, id_product, amount) values (18, 67, 400);
insert into meals_from_products (id_meal, id_product, amount) values (18, 149, 50);
insert into meals_from_products (id_meal, id_product, amount) values (18, 243, 500);
insert into meals_from_products (id_meal, id_product, amount) values (18, 244, 400);
insert into meals_from_products (id_meal, id_product, amount) values (18, 188, 15);
insert into meals_from_products (id_meal, id_product, amount) values (18, 245, 10);
insert into meals_from_products (id_meal, id_product, amount) values (18, 203, 10);
insert into meals_from_products (id_meal, id_product, amount) values (18, 196, 10);
insert into meals_from_products (id_meal, id_product, amount) values (18, 224, 5);
insert into meals_from_products (id_meal, id_product, amount) values (18, 157, 30);
insert into meals_from_products (id_meal, id_product, amount) values (19, 16, 600);
insert into meals_from_products (id_meal, id_product, amount) values (19, 246, 50);
insert into meals_from_products (id_meal, id_product, amount) values (19, 207, 400);
insert into meals_from_products (id_meal, id_product, amount) values (19, 4, 300);
insert into meals_from_products (id_meal, id_product, amount) values (19, 73, 150);
insert into meals_from_products (id_meal, id_product, amount) values (19, 175, 50);
insert into meals_from_products (id_meal, id_product, amount) values (19, 214, 30);
insert into meals_from_products (id_meal, id_product, amount) values (19, 204, 30);
insert into meals_from_products (id_meal, id_product, amount) values (19, 247, 20);
insert into meals_from_products (id_meal, id_product, amount) values (19, 248, 5);
insert into meals_from_products (id_meal, id_product, amount) values (19, 249, 5);
insert into meals_from_products (id_meal, id_product, amount) values (19, 127, 3);
insert into meals_from_products (id_meal, id_product, amount) values (19, 250, 3);
insert into meals_from_products (id_meal, id_product, amount) values (19, 192, 30);
insert into meals_from_products (id_meal, id_product, amount) values (20, 16, 600);
insert into meals_from_products (id_meal, id_product, amount) values (20, 73, 150);
insert into meals_from_products (id_meal, id_product, amount) values (20, 63, 200);
insert into meals_from_products (id_meal, id_product, amount) values (20, 218, 100);
insert into meals_from_products (id_meal, id_product, amount) values (20, 57, 20);
insert into meals_from_products (id_meal, id_product, amount) values (20, 243, 1000);
insert into meals_from_products (id_meal, id_product, amount) values (20, 149, 50);
insert into meals_from_products (id_meal, id_product, amount) values (20, 223, 30);
insert into meals_from_products (id_meal, id_product, amount) values (20, 127, 5);
insert into meals_from_products (id_meal, id_product, amount) values (20, 66, 5);
insert into meals_from_products (id_meal, id_product, amount) values (20, 196, 10);
insert into meals_from_products (id_meal, id_product, amount) values (20, 125, 5);
insert into meals_from_products (id_meal, id_product, amount) values (20, 97, 50);
insert into meals_from_products (id_meal, id_product, amount) values (20, 96, 100);
insert into meals_from_products (id_meal, id_product, amount) values (20, 251, 250);
insert into meals_from_products (id_meal, id_product, amount) values (21, 16, 600);
insert into meals_from_products (id_meal, id_product, amount) values (21, 73, 150);
insert into meals_from_products (id_meal, id_product, amount) values (21, 63, 200);
insert into meals_from_products (id_meal, id_product, amount) values (21, 218, 100);
insert into meals_from_products (id_meal, id_product, amount) values (21, 57, 20);
insert into meals_from_products (id_meal, id_product, amount) values (21, 243, 500);
insert into meals_from_products (id_meal, id_product, amount) values (21, 147, 50);
insert into meals_from_products (id_meal, id_product, amount) values (21, 97, 50);
insert into meals_from_products (id_meal, id_product, amount) values (21, 155, 30);
insert into meals_from_products (id_meal, id_product, amount) values (21, 252, 400);
insert into meals_from_products (id_meal, id_product, amount) values (21, 196, 10);
insert into meals_from_products (id_meal, id_product, amount) values (21, 125, 5);
insert into meals_from_products (id_meal, id_product, amount) values (21, 157, 30);
insert into meals_from_products (id_meal, id_product, amount) values (22, 16, 500);
insert into meals_from_products (id_meal, id_product, amount) values (22, 253, 200);
insert into meals_from_products (id_meal, id_product, amount) values (22, 252, 400);
insert into meals_from_products (id_meal, id_product, amount) values (22, 73, 150);
insert into meals_from_products (id_meal, id_product, amount) values (22, 63, 150);
insert into meals_from_products (id_meal, id_product, amount) values (22, 218, 100);
insert into meals_from_products (id_meal, id_product, amount) values (22, 243, 300);
insert into meals_from_products (id_meal, id_product, amount) values (22, 155, 50);
insert into meals_from_products (id_meal, id_product, amount) values (22, 97, 50);
insert into meals_from_products (id_meal, id_product, amount) values (22, 196, 5);
insert into meals_from_products (id_meal, id_product, amount) values (22, 224, 3);
insert into meals_from_products (id_meal, id_product, amount) values (23, 16, 500);
insert into meals_from_products (id_meal, id_product, amount) values (23, 254, 250);
insert into meals_from_products (id_meal, id_product, amount) values (23, 252, 400);
insert into meals_from_products (id_meal, id_product, amount) values (23, 73, 150);
insert into meals_from_products (id_meal, id_product, amount) values (23, 63, 150);
insert into meals_from_products (id_meal, id_product, amount) values (23, 218, 100);
insert into meals_from_products (id_meal, id_product, amount) values (23, 255, 300);
insert into meals_from_products (id_meal, id_product, amount) values (23, 155, 50);
insert into meals_from_products (id_meal, id_product, amount) values (23, 97, 50);
insert into meals_from_products (id_meal, id_product, amount) values (23, 196, 5);
insert into meals_from_products (id_meal, id_product, amount) values (23, 224, 3);
insert into meals_from_products (id_meal, id_product, amount) values (24, 244, 250);
insert into meals_from_products (id_meal, id_product, amount) values (24, 221, 250);
insert into meals_from_products (id_meal, id_product, amount) values (24, 63, 150);
insert into meals_from_products (id_meal, id_product, amount) values (24, 256, 200);
insert into meals_from_products (id_meal, id_product, amount) values (24, 73, 150);
insert into meals_from_products (id_meal, id_product, amount) values (24, 218, 100);
insert into meals_from_products (id_meal, id_product, amount) values (24, 257, 20);
insert into meals_from_products (id_meal, id_product, amount) values (24, 57, 20);
insert into meals_from_products (id_meal, id_product, amount) values (24, 66, 10);
insert into meals_from_products (id_meal, id_product, amount) values (24, 258, 100);
insert into meals_from_products (id_meal, id_product, amount) values (24, 101, 100);
insert into meals_from_products (id_meal, id_product, amount) values (24, 207, 200);
insert into meals_from_products (id_meal, id_product, amount) values (24, 196, 5);
insert into meals_from_products (id_meal, id_product, amount) values (24, 224, 3);
insert into meals_from_products (id_meal, id_product, amount) values (25, 16, 500);
insert into meals_from_products (id_meal, id_product, amount) values (25, 179, 50);
insert into meals_from_products (id_meal, id_product, amount) values (25, 227, 30);
insert into meals_from_products (id_meal, id_product, amount) values (25, 192, 30);
insert into meals_from_products (id_meal, id_product, amount) values (25, 57, 20);
insert into meals_from_products (id_meal, id_product, amount) values (25, 215, 20);
insert into meals_from_products (id_meal, id_product, amount) values (25, 225, 50);
insert into meals_from_products (id_meal, id_product, amount) values (25, 259, 10);
insert into meals_from_products (id_meal, id_product, amount) values (25, 226, 10);
insert into meals_from_products (id_meal, id_product, amount) values (25, 229, 30);
insert into meals_from_products (id_meal, id_product, amount) values (25, 260, 30);
insert into meals_from_products (id_meal, id_product, amount) values (25, 46, 20);
insert into meals_from_products (id_meal, id_product, amount) values (25, 220, 10);
insert into meals_from_products (id_meal, id_product, amount) values (25, 243, 100);
insert into meals_from_products (id_meal, id_product, amount) values (25, 211, 100);
insert into meals_from_products (id_meal, id_product, amount) values (25, 73, 100);
insert into meals_from_products (id_meal, id_product, amount) values (25, 63, 50);
insert into meals_from_products (id_meal, id_product, amount) values (25, 218, 50);
insert into meals_from_products (id_meal, id_product, amount) values (26, 16, 300);
insert into meals_from_products (id_meal, id_product, amount) values (26, 261, 300);
insert into meals_from_products (id_meal, id_product, amount) values (26, 179, 50);
insert into meals_from_products (id_meal, id_product, amount) values (26, 180, 30);
insert into meals_from_products (id_meal, id_product, amount) values (26, 192, 30);
insert into meals_from_products (id_meal, id_product, amount) values (26, 57, 20);
insert into meals_from_products (id_meal, id_product, amount) values (26, 215, 20);
insert into meals_from_products (id_meal, id_product, amount) values (26, 225, 50);
insert into meals_from_products (id_meal, id_product, amount) values (26, 63, 100);
insert into meals_from_products (id_meal, id_product, amount) values (26, 211, 150);
insert into meals_from_products (id_meal, id_product, amount) values (26, 262, 150);
insert into meals_from_products (id_meal, id_product, amount) values (26, 220, 10);
insert into meals_from_products (id_meal, id_product, amount) values (26, 46, 20);
insert into meals_from_products (id_meal, id_product, amount) values (26, 243, 100);
insert into meals_from_products (id_meal, id_product, amount) values (27, 16, 250);
insert into meals_from_products (id_meal, id_product, amount) values (27, 155, 50);
insert into meals_from_products (id_meal, id_product, amount) values (27, 97, 50);
insert into meals_from_products (id_meal, id_product, amount) values (27, 243, 300);
insert into meals_from_products (id_meal, id_product, amount) values (27, 73, 75);
insert into meals_from_products (id_meal, id_product, amount) values (27, 65, 10);
insert into meals_from_products (id_meal, id_product, amount) values (27, 196, 5);
insert into meals_from_products (id_meal, id_product, amount) values (27, 224, 2);
insert into meals_from_products (id_meal, id_product, amount) values (27, 263, 1);
insert into meals_from_products (id_meal, id_product, amount) values (27, 264, 100);
insert into meals_from_products (id_meal, id_product, amount) values (27, 7, 100);
insert into meals_from_products (id_meal, id_product, amount) values (27, 265, 50);
insert into meals_from_products (id_meal, id_product, amount) values (28, 209, 500);
insert into meals_from_products (id_meal, id_product, amount) values (28, 4, 500);
insert into meals_from_products (id_meal, id_product, amount) values (28, 16, 500);
insert into meals_from_products (id_meal, id_product, amount) values (28, 73, 150);
insert into meals_from_products (id_meal, id_product, amount) values (28, 57, 20);
insert into meals_from_products (id_meal, id_product, amount) values (28, 149, 50);
insert into meals_from_products (id_meal, id_product, amount) values (28, 266, 400);
insert into meals_from_products (id_meal, id_product, amount) values (28, 157, 50);
insert into meals_from_products (id_meal, id_product, amount) values (28, 97, 50);
insert into meals_from_products (id_meal, id_product, amount) values (28, 6, 500);
insert into meals_from_products (id_meal, id_product, amount) values (28, 7, 100);
insert into meals_from_products (id_meal, id_product, amount) values (28, 144, 100);
insert into meals_from_products (id_meal, id_product, amount) values (28, 155, 50);
insert into meals_from_products (id_meal, id_product, amount) values (28, 267, 5);
insert into meals_from_products (id_meal, id_product, amount) values (28, 263, 5);
insert into meals_from_products (id_meal, id_product, amount) values (28, 196, 5);
insert into meals_from_products (id_meal, id_product, amount) values (28, 224, 3);
insert into meals_from_products (id_meal, id_product, amount) values (29, 268, 500);
insert into meals_from_products (id_meal, id_product, amount) values (29, 143, 300);
insert into meals_from_products (id_meal, id_product, amount) values (29, 57, 20);
insert into meals_from_products (id_meal, id_product, amount) values (29, 73, 150);
insert into meals_from_products (id_meal, id_product, amount) values (29, 269, 30);
insert into meals_from_products (id_meal, id_product, amount) values (29, 232, 30);
insert into meals_from_products (id_meal, id_product, amount) values (29, 192, 30);
insert into meals_from_products (id_meal, id_product, amount) values (29, 271, 5);
insert into meals_from_products (id_meal, id_product, amount) values (29, 245, 5);
insert into meals_from_products (id_meal, id_product, amount) values (29, 196, 5);
insert into meals_from_products (id_meal, id_product, amount) values (29, 224, 3);
insert into meals_from_products (id_meal, id_product, amount) values (29, 270, 500);
insert into meals_from_products (id_meal, id_product, amount) values (30, 272, 200);
insert into meals_from_products (id_meal, id_product, amount) values (30, 186, 250);
insert into meals_from_products (id_meal, id_product, amount) values (30, 273, 200);
insert into meals_from_products (id_meal, id_product, amount) values (30, 57, 10);
insert into meals_from_products (id_meal, id_product, amount) values (30, 232, 50);
insert into meals_from_products (id_meal, id_product, amount) values (30, 157, 30);
insert into meals_from_products (id_meal, id_product, amount) values (30, 196, 5);
insert into meals_from_products (id_meal, id_product, amount) values (30, 245, 5);
insert into meals_from_products (id_meal, id_product, amount) values (30, 271, 5);
insert into meals_from_products (id_meal, id_product, amount) values (30, 203, 5);
insert into meals_from_products (id_meal, id_product, amount) values (30, 274, 50);
insert into meals_from_products (id_meal, id_product, amount) values (30, 65, 20);
insert into meals_from_products (id_meal, id_product, amount) values (31, 16, 500);
insert into meals_from_products (id_meal, id_product, amount) values (31, 207, 400);
insert into meals_from_products (id_meal, id_product, amount) values (31, 275, 100);
insert into meals_from_products (id_meal, id_product, amount) values (31, 57, 20);
insert into meals_from_products (id_meal, id_product, amount) values (31, 215, 30);
insert into meals_from_products (id_meal, id_product, amount) values (31, 276, 30);
insert into meals_from_products (id_meal, id_product, amount) values (31, 226, 40);
insert into meals_from_products (id_meal, id_product, amount) values (31, 189, 5);
insert into meals_from_products (id_meal, id_product, amount) values (31, 190, 10);
insert into meals_from_products (id_meal, id_product, amount) values (31, 191, 5);
insert into meals_from_products (id_meal, id_product, amount) values (31, 277, 5);
insert into meals_from_products (id_meal, id_product, amount) values (31, 216, 2);
insert into meals_from_products (id_meal, id_product, amount) values (31, 127, 1);
insert into meals_from_products (id_meal, id_product, amount) values (31, 278, 20);
insert into meals_from_products (id_meal, id_product, amount) values (31, 204, 20);
insert into meals_from_products (id_meal, id_product, amount) values (31, 196, 5);
insert into meals_from_products (id_meal, id_product, amount) values (31, 265, 30);
insert into meals_from_products (id_meal, id_product, amount) values (32, 16, 500);
insert into meals_from_products (id_meal, id_product, amount) values (32, 73, 150);
insert into meals_from_products (id_meal, id_product, amount) values (32, 4, 300);
insert into meals_from_products (id_meal, id_product, amount) values (32, 63, 100);
insert into meals_from_products (id_meal, id_product, amount) values (32, 211, 100);
insert into meals_from_products (id_meal, id_product, amount) values (32, 149, 50);
insert into meals_from_products (id_meal, id_product, amount) values (32, 57, 15);
insert into meals_from_products (id_meal, id_product, amount) values (32, 203, 10);
insert into meals_from_products (id_meal, id_product, amount) values (32, 126, 5);
insert into meals_from_products (id_meal, id_product, amount) values (32, 127, 1);
insert into meals_from_products (id_meal, id_product, amount) values (32, 243, 500);
insert into meals_from_products (id_meal, id_product, amount) values (32, 157, 30);
insert into meals_from_products (id_meal, id_product, amount) values (32, 196, 5);
insert into meals_from_products (id_meal, id_product, amount) values (32, 125, 5);
insert into meals_from_products (id_meal, id_product, amount) values (33, 16, 500);
insert into meals_from_products (id_meal, id_product, amount) values (33, 73, 150);
insert into meals_from_products (id_meal, id_product, amount) values (33, 4, 300);
insert into meals_from_products (id_meal, id_product, amount) values (33, 63, 100);
insert into meals_from_products (id_meal, id_product, amount) values (33, 211, 100);
insert into meals_from_products (id_meal, id_product, amount) values (33, 266, 200);
insert into meals_from_products (id_meal, id_product, amount) values (33, 57, 15);
insert into meals_from_products (id_meal, id_product, amount) values (33, 179, 30);
insert into meals_from_products (id_meal, id_product, amount) values (33, 124, 30);
insert into meals_from_products (id_meal, id_product, amount) values (33, 127, 1);
insert into meals_from_products (id_meal, id_product, amount) values (33, 265, 30);
insert into meals_from_products (id_meal, id_product, amount) values (33, 196, 5);
insert into meals_from_products (id_meal, id_product, amount) values (33, 125, 5);
insert into meals_from_products (id_meal, id_product, amount) values (34, 16, 500);
insert into meals_from_products (id_meal, id_product, amount) values (34, 179, 50);
insert into meals_from_products (id_meal, id_product, amount) values (34, 232, 50);
insert into meals_from_products (id_meal, id_product, amount) values (34, 73, 150);
insert into meals_from_products (id_meal, id_product, amount) values (34, 57, 15);
insert into meals_from_products (id_meal, id_product, amount) values (34, 265, 30);
insert into meals_from_products (id_meal, id_product, amount) values (34, 125, 5);
insert into meals_from_products (id_meal, id_product, amount) values (34, 196, 5);
insert into meals_from_products (id_meal, id_product, amount) values (35, 16, 500);
insert into meals_from_products (id_meal, id_product, amount) values (35, 4, 300);
insert into meals_from_products (id_meal, id_product, amount) values (35, 63, 100);
insert into meals_from_products (id_meal, id_product, amount) values (35, 211, 100);
insert into meals_from_products (id_meal, id_product, amount) values (35, 266, 200);
insert into meals_from_products (id_meal, id_product, amount) values (35, 279, 50);
insert into meals_from_products (id_meal, id_product, amount) values (35, 73, 150);
insert into meals_from_products (id_meal, id_product, amount) values (35, 57, 15);
insert into meals_from_products (id_meal, id_product, amount) values (35, 265, 30);
insert into meals_from_products (id_meal, id_product, amount) values (35, 222, 50);
insert into meals_from_products (id_meal, id_product, amount) values (35, 280, 50);
insert into meals_from_products (id_meal, id_product, amount) values (35, 226, 10);
insert into meals_from_products (id_meal, id_product, amount) values (35, 127, 1);
insert into meals_from_products (id_meal, id_product, amount) values (35, 196, 5);
insert into meals_from_products (id_meal, id_product, amount) values (35, 125, 5);
insert into meals_from_products (id_meal, id_product, amount) values (36, 16, 500);
insert into meals_from_products (id_meal, id_product, amount) values (36, 73, 150);
insert into meals_from_products (id_meal, id_product, amount) values (36, 4, 300);
insert into meals_from_products (id_meal, id_product, amount) values (36, 63, 100);
insert into meals_from_products (id_meal, id_product, amount) values (36, 211, 100);
insert into meals_from_products (id_meal, id_product, amount) values (36, 179, 50);
insert into meals_from_products (id_meal, id_product, amount) values (36, 124, 50);
insert into meals_from_products (id_meal, id_product, amount) values (36, 46, 30);
insert into meals_from_products (id_meal, id_product, amount) values (36, 57, 15);
insert into meals_from_products (id_meal, id_product, amount) values (36, 265, 30);
insert into meals_from_products (id_meal, id_product, amount) values (36, 127, 1);
insert into meals_from_products (id_meal, id_product, amount) values (36, 125, 5);
insert into meals_from_products (id_meal, id_product, amount) values (36, 196, 5);
insert into meals_from_products (id_meal, id_product, amount) values (37, 3, 500);
insert into meals_from_products (id_meal, id_product, amount) values (37, 276, 50);
insert into meals_from_products (id_meal, id_product, amount) values (37, 57, 15);
insert into meals_from_products (id_meal, id_product, amount) values (37, 275, 50);
insert into meals_from_products (id_meal, id_product, amount) values (37, 214, 50);
insert into meals_from_products (id_meal, id_product, amount) values (37, 179, 30);
insert into meals_from_products (id_meal, id_product, amount) values (37, 46, 30);
insert into meals_from_products (id_meal, id_product, amount) values (37, 47, 30);
insert into meals_from_products (id_meal, id_product, amount) values (37, 265, 30);
insert into meals_from_products (id_meal, id_product, amount) values (37, 125, 5);
insert into meals_from_products (id_meal, id_product, amount) values (37, 228, 30);
insert into meals_from_products (id_meal, id_product, amount) values (37, 281, 30);
insert into meals_from_products (id_meal, id_product, amount) values (37, 282, 200);
insert into meals_from_products (id_meal, id_product, amount) values (37, 283, 100);
insert into meals_from_products (id_meal, id_product, amount) values (37, 284, 30);
insert into meals_from_products (id_meal, id_product, amount) values (38, 285, 500);
insert into meals_from_products (id_meal, id_product, amount) values (38, 286, 300);
insert into meals_from_products (id_meal, id_product, amount) values (38, 287, 300);
insert into meals_from_products (id_meal, id_product, amount) values (38, 63, 100);
insert into meals_from_products (id_meal, id_product, amount) values (38, 218, 100);
insert into meals_from_products (id_meal, id_product, amount) values (38, 73, 150);
insert into meals_from_products (id_meal, id_product, amount) values (38, 57, 15);
insert into meals_from_products (id_meal, id_product, amount) values (38, 149, 50);
insert into meals_from_products (id_meal, id_product, amount) values (38, 143, 500);
insert into meals_from_products (id_meal, id_product, amount) values (38, 127, 2);
insert into meals_from_products (id_meal, id_product, amount) values (38, 66, 5);
insert into meals_from_products (id_meal, id_product, amount) values (38, 65, 5);
insert into meals_from_products (id_meal, id_product, amount) values (38, 264, 50);
insert into meals_from_products (id_meal, id_product, amount) values (38, 265, 30);
insert into meals_from_products (id_meal, id_product, amount) values (38, 196, 5);
insert into meals_from_products (id_meal, id_product, amount) values (38, 125, 5);
insert into meals_from_products (id_meal, id_product, amount) values (39, 288, 250);
insert into meals_from_products (id_meal, id_product, amount) values (39, 289, 250);
insert into meals_from_products (id_meal, id_product, amount) values (39, 225, 50);
insert into meals_from_products (id_meal, id_product, amount) values (39, 57, 10);
insert into meals_from_products (id_meal, id_product, amount) values (39, 215, 10);
insert into meals_from_products (id_meal, id_product, amount) values (39, 179, 15);
insert into meals_from_products (id_meal, id_product, amount) values (39, 220, 5);
insert into meals_from_products (id_meal, id_product, amount) values (39, 227, 15);
insert into meals_from_products (id_meal, id_product, amount) values (39, 196, 5);
insert into meals_from_products (id_meal, id_product, amount) values (39, 290, 5);
insert into meals_from_products (id_meal, id_product, amount) values (40, 3, 500);
insert into meals_from_products (id_meal, id_product, amount) values (40, 227, 65);
insert into meals_from_products (id_meal, id_product, amount) values (40, 97, 50);
insert into meals_from_products (id_meal, id_product, amount) values (40, 7, 50);
insert into meals_from_products (id_meal, id_product, amount) values (40, 21, 150);
insert into meals_from_products (id_meal, id_product, amount) values (40, 211, 150);
insert into meals_from_products (id_meal, id_product, amount) values (40, 73, 100);
insert into meals_from_products (id_meal, id_product, amount) values (40, 57, 15);
insert into meals_from_products (id_meal, id_product, amount) values (40, 215, 15);
insert into meals_from_products (id_meal, id_product, amount) values (40, 228, 50);
insert into meals_from_products (id_meal, id_product, amount) values (40, 148, 50);
insert into meals_from_products (id_meal, id_product, amount) values (40, 46, 50);
insert into meals_from_products (id_meal, id_product, amount) values (40, 179, 30);
insert into meals_from_products (id_meal, id_product, amount) values (40, 265, 50);
insert into meals_from_products (id_meal, id_product, amount) values (40, 196, 5);
insert into meals_from_products (id_meal, id_product, amount) values (40, 290, 5);
insert into meals_from_products (id_meal, id_product, amount) values (41, 291, 750);
insert into meals_from_products (id_meal, id_product, amount) values (41, 292, 200);
insert into meals_from_products (id_meal, id_product, amount) values (41, 293, 100);
insert into meals_from_products (id_meal, id_product, amount) values (41, 208, 100);
insert into meals_from_products (id_meal, id_product, amount) values (41, 294, 50);
insert into meals_from_products (id_meal, id_product, amount) values (41, 63, 100);
insert into meals_from_products (id_meal, id_product, amount) values (41, 295, 50);
insert into meals_from_products (id_meal, id_product, amount) values (41, 179, 30);
insert into meals_from_products (id_meal, id_product, amount) values (41, 227, 15);
insert into meals_from_products (id_meal, id_product, amount) values (41, 7, 50);
insert into meals_from_products (id_meal, id_product, amount) values (41, 225, 50);
insert into meals_from_products (id_meal, id_product, amount) values (41, 215, 10);
insert into meals_from_products (id_meal, id_product, amount) values (41, 57, 10);
insert into meals_from_products (id_meal, id_product, amount) values (41, 290, 5);
insert into meals_from_products (id_meal, id_product, amount) values (41, 296, 5);
insert into meals_from_products (id_meal, id_product, amount) values (41, 220, 5);
insert into meals_from_products (id_meal, id_product, amount) values (41, 196, 5);
insert into meals_from_products (id_meal, id_product, amount) values (42, 297, 250);
insert into meals_from_products (id_meal, id_product, amount) values (42, 3, 250);
insert into meals_from_products (id_meal, id_product, amount) values (42, 258, 150);
insert into meals_from_products (id_meal, id_product, amount) values (42, 68, 150);
insert into meals_from_products (id_meal, id_product, amount) values (42, 63, 150);
insert into meals_from_products (id_meal, id_product, amount) values (42, 298, 100);
insert into meals_from_products (id_meal, id_product, amount) values (42, 4, 200);
insert into meals_from_products (id_meal, id_product, amount) values (42, 73, 100);
insert into meals_from_products (id_meal, id_product, amount) values (42, 57, 10);
insert into meals_from_products (id_meal, id_product, amount) values (42, 127, 2);
insert into meals_from_products (id_meal, id_product, amount) values (42, 66, 5);
insert into meals_from_products (id_meal, id_product, amount) values (42, 299, 200);
insert into meals_from_products (id_meal, id_product, amount) values (42, 196, 5);
insert into meals_from_products (id_meal, id_product, amount) values (42, 125, 5);
insert into meals_from_products (id_meal, id_product, amount) values (43, 300, 500);
insert into meals_from_products (id_meal, id_product, amount) values (43, 38, 200);
insert into meals_from_products (id_meal, id_product, amount) values (43, 256, 300);
insert into meals_from_products (id_meal, id_product, amount) values (43, 301, 200);
insert into meals_from_products (id_meal, id_product, amount) values (43, 157, 30);
insert into meals_from_products (id_meal, id_product, amount) values (43, 57, 10);
insert into meals_from_products (id_meal, id_product, amount) values (43, 73, 100);
insert into meals_from_products (id_meal, id_product, amount) values (43, 204, 30);
insert into meals_from_products (id_meal, id_product, amount) values (43, 302, 5);
insert into meals_from_products (id_meal, id_product, amount) values (43, 196, 5);
insert into meals_from_products (id_meal, id_product, amount) values (43, 125, 5);
insert into meals_from_products (id_meal, id_product, amount) values (43, 66, 5);
insert into meals_from_products (id_meal, id_product, amount) values (44, 288, 100);
insert into meals_from_products (id_meal, id_product, amount) values (44, 303, 30);
insert into meals_from_products (id_meal, id_product, amount) values (44, 73, 50);
insert into meals_from_products (id_meal, id_product, amount) values (44, 57, 30);
insert into meals_from_products (id_meal, id_product, amount) values (44, 211, 30);
insert into meals_from_products (id_meal, id_product, amount) values (44, 223, 15);
insert into meals_from_products (id_meal, id_product, amount) values (44, 149, 5);
insert into meals_from_products (id_meal, id_product, amount) values (44, 204, 5);
insert into meals_from_products (id_meal, id_product, amount) values (44, 124, 280);
insert into meals_from_products (id_meal, id_product, amount) values (44, 147, 15);
insert into meals_from_products (id_meal, id_product, amount) values (44, 196, 5);
insert into meals_from_products (id_meal, id_product, amount) values (44, 125, 5);
insert into meals_from_products (id_meal, id_product, amount) values (44, 304, 280);
insert into meals_from_products (id_meal, id_product, amount) values (45, 305, 500);
insert into meals_from_products (id_meal, id_product, amount) values (45, 258, 250);
insert into meals_from_products (id_meal, id_product, amount) values (45, 299, 250);
insert into meals_from_products (id_meal, id_product, amount) values (45, 16, 250);
insert into meals_from_products (id_meal, id_product, amount) values (45, 73, 150);
insert into meals_from_products (id_meal, id_product, amount) values (45, 63, 100);
insert into meals_from_products (id_meal, id_product, amount) values (45, 298, 100);
insert into meals_from_products (id_meal, id_product, amount) values (45, 195, 100);
insert into meals_from_products (id_meal, id_product, amount) values (45, 149, 50);
insert into meals_from_products (id_meal, id_product, amount) values (45, 57, 10);
insert into meals_from_products (id_meal, id_product, amount) values (45, 127, 2);
insert into meals_from_products (id_meal, id_product, amount) values (45, 306, 5);
insert into meals_from_products (id_meal, id_product, amount) values (45, 198, 5);
insert into meals_from_products (id_meal, id_product, amount) values (45, 196, 5);
insert into meals_from_products (id_meal, id_product, amount) values (45, 125, 5);
insert into meals_from_products (id_meal, id_product, amount) values (46, 3, 500);
insert into meals_from_products (id_meal, id_product, amount) values (46, 7, 150);
insert into meals_from_products (id_meal, id_product, amount) values (46, 73, 150);
insert into meals_from_products (id_meal, id_product, amount) values (46, 270, 500);
insert into meals_from_products (id_meal, id_product, amount) values (46, 179, 30);
insert into meals_from_products (id_meal, id_product, amount) values (46, 307, 30);
insert into meals_from_products (id_meal, id_product, amount) values (46, 46, 20);
insert into meals_from_products (id_meal, id_product, amount) values (46, 227, 10);
insert into meals_from_products (id_meal, id_product, amount) values (46, 97, 50);
insert into meals_from_products (id_meal, id_product, amount) values (46, 308, 100);
insert into meals_from_products (id_meal, id_product, amount) values (46, 265, 100);
insert into meals_from_products (id_meal, id_product, amount) values (46, 309, 400);
insert into meals_from_products (id_meal, id_product, amount) values (47, 310, 500);
insert into meals_from_products (id_meal, id_product, amount) values (47, 57, 10);
insert into meals_from_products (id_meal, id_product, amount) values (47, 203, 10);
insert into meals_from_products (id_meal, id_product, amount) values (47, 64, 5);
insert into meals_from_products (id_meal, id_product, amount) values (47, 295, 30);
insert into meals_from_products (id_meal, id_product, amount) values (47, 157, 30);
insert into meals_from_products (id_meal, id_product, amount) values (47, 196, 5);
insert into meals_from_products (id_meal, id_product, amount) values (47, 125, 5);
insert into meals_from_products (id_meal, id_product, amount) values (47, 127, 2);
insert into meals_from_products (id_meal, id_product, amount) values (48, 97, 100);
insert into meals_from_products (id_meal, id_product, amount) values (48, 219, 150);
insert into meals_from_products (id_meal, id_product, amount) values (48, 7, 50);
insert into meals_from_products (id_meal, id_product, amount) values (48, 301, 150);
insert into meals_from_products (id_meal, id_product, amount) values (48, 63, 100);
insert into meals_from_products (id_meal, id_product, amount) values (48, 225, 100);
insert into meals_from_products (id_meal, id_product, amount) values (48, 73, 100);
insert into meals_from_products (id_meal, id_product, amount) values (48, 57, 10);
insert into meals_from_products (id_meal, id_product, amount) values (48, 196, 5);
insert into meals_from_products (id_meal, id_product, amount) values (48, 125, 5);
insert into meals_from_products (id_meal, id_product, amount) values (48, 179, 30);
insert into meals_from_products (id_meal, id_product, amount) values (48, 220, 15);
insert into meals_from_products (id_meal, id_product, amount) values (48, 265, 50);
insert into meals_from_products (id_meal, id_product, amount) values (49, 309, 300);
insert into meals_from_products (id_meal, id_product, amount) values (49, 311, 150);
insert into meals_from_products (id_meal, id_product, amount) values (49, 258, 100);
insert into meals_from_products (id_meal, id_product, amount) values (49, 73, 100);
insert into meals_from_products (id_meal, id_product, amount) values (49, 57, 10);
insert into meals_from_products (id_meal, id_product, amount) values (49, 225, 50);
insert into meals_from_products (id_meal, id_product, amount) values (49, 220, 15);
insert into meals_from_products (id_meal, id_product, amount) values (49, 179, 30);
insert into meals_from_products (id_meal, id_product, amount) values (49, 196, 5);
insert into meals_from_products (id_meal, id_product, amount) values (49, 125, 5);
insert into meals_from_products (id_meal, id_product, amount) values (49, 265, 30);
insert into meals_from_products (id_meal, id_product, amount) values (50, 309, 300);
insert into meals_from_products (id_meal, id_product, amount) values (50, 7, 100);
insert into meals_from_products (id_meal, id_product, amount) values (50, 225, 50);
insert into meals_from_products (id_meal, id_product, amount) values (50, 57, 10);
insert into meals_from_products (id_meal, id_product, amount) values (50, 63, 100);
insert into meals_from_products (id_meal, id_product, amount) values (50, 50, 100);
insert into meals_from_products (id_meal, id_product, amount) values (50, 179, 30);
insert into meals_from_products (id_meal, id_product, amount) values (50, 220, 15);
insert into meals_from_products (id_meal, id_product, amount) values (50, 265, 30);
insert into meals_from_products (id_meal, id_product, amount) values (50, 196, 5);
insert into meals_from_products (id_meal, id_product, amount) values (50, 125, 5);
insert into meals_from_products (id_meal, id_product, amount) values (51, 35, 300);
insert into meals_from_products (id_meal, id_product, amount) values (51, 186, 200);
insert into meals_from_products (id_meal, id_product, amount) values (51, 6, 100);
insert into meals_from_products (id_meal, id_product, amount) values (51, 47, 30);
insert into meals_from_products (id_meal, id_product, amount) values (51, 313, 2);
insert into meals_from_products (id_meal, id_product, amount) values (51, 312, 25);
insert into meals_from_products (id_meal, id_product, amount) values (52, 314, 300);
insert into meals_from_products (id_meal, id_product, amount) values (52, 207, 200);
insert into meals_from_products (id_meal, id_product, amount) values (52, 96, 200);
insert into meals_from_products (id_meal, id_product, amount) values (52, 315, 10);
insert into meals_from_products (id_meal, id_product, amount) values (52, 276, 10);
insert into meals_from_products (id_meal, id_product, amount) values (52, 275, 50);
insert into meals_from_products (id_meal, id_product, amount) values (52, 57, 10);
insert into meals_from_products (id_meal, id_product, amount) values (52, 215, 10);
insert into meals_from_products (id_meal, id_product, amount) values (52, 196, 5);
insert into meals_from_products (id_meal, id_product, amount) values (53, 97, 500);
insert into meals_from_products (id_meal, id_product, amount) values (53, 96, 300);
insert into meals_from_products (id_meal, id_product, amount) values (53, 316, 7);
insert into meals_from_products (id_meal, id_product, amount) values (53, 46, 10);
insert into meals_from_products (id_meal, id_product, amount) values (53, 196, 5);
insert into meals_from_products (id_meal, id_product, amount) values (53, 173, 30);
insert into meals_from_products (id_meal, id_product, amount) values (53, 220, 50);
insert into meals_from_products (id_meal, id_product, amount) values (54, 7, 4);
insert into meals_from_products (id_meal, id_product, amount) values (54, 235, 200);
insert into meals_from_products (id_meal, id_product, amount) values (54, 155, 50);
insert into meals_from_products (id_meal, id_product, amount) values (54, 57, 10);
insert into meals_from_products (id_meal, id_product, amount) values (54, 295, 15);
insert into meals_from_products (id_meal, id_product, amount) values (54, 203, 5);
insert into meals_from_products (id_meal, id_product, amount) values (54, 60, 10);
insert into meals_from_products (id_meal, id_product, amount) values (54, 196, 5);
insert into meals_from_products (id_meal, id_product, amount) values (55, 67, 400);
insert into meals_from_products (id_meal, id_product, amount) values (55, 317, 200);
insert into meals_from_products (id_meal, id_product, amount) values (55, 73, 100);
insert into meals_from_products (id_meal, id_product, amount) values (55, 7, 4);
insert into meals_from_products (id_meal, id_product, amount) values (55, 157, 30);
insert into meals_from_products (id_meal, id_product, amount) values (55, 196, 5);
insert into meals_from_products (id_meal, id_product, amount) values (55, 125, 5);
insert into meals_from_products (id_meal, id_product, amount) values (55, 194, 5);
insert into meals_from_products (id_meal, id_product, amount) values (55, 65, 10);
insert into meals_from_products (id_meal, id_product, amount) values (56, 209, 500);
insert into meals_from_products (id_meal, id_product, amount) values (56, 318, 100);
insert into meals_from_products (id_meal, id_product, amount) values (56, 57, 10);
insert into meals_from_products (id_meal, id_product, amount) values (56, 319, 10);
insert into meals_from_products (id_meal, id_product, amount) values (56, 157, 100);
insert into meals_from_products (id_meal, id_product, amount) values (56, 196, 5);
insert into meals_from_products (id_meal, id_product, amount) values (56, 124, 30);
insert into meals_from_products (id_meal, id_product, amount) values (57, 320, 100);
insert into meals_from_products (id_meal, id_product, amount) values (57, 322, 5);
insert into meals_from_products (id_meal, id_product, amount) values (57, 46, 30);
insert into meals_from_products (id_meal, id_product, amount) values (57, 6, 150);
insert into meals_from_products (id_meal, id_product, amount) values (57, 7, 2);
insert into meals_from_products (id_meal, id_product, amount) values (57, 323, 5);
insert into meals_from_products (id_meal, id_product, amount) values (57, 196, 2);
insert into meals_from_products (id_meal, id_product, amount) values (57, 155, 30);
insert into meals_from_products (id_meal, id_product, amount) values (57, 321, 30);
insert into meals_from_products (id_meal, id_product, amount) values (58, 273, 400);
insert into meals_from_products (id_meal, id_product, amount) values (58, 324, 100);
insert into meals_from_products (id_meal, id_product, amount) values (58, 232, 50);
insert into meals_from_products (id_meal, id_product, amount) values (58, 57, 10);
insert into meals_from_products (id_meal, id_product, amount) values (58, 157, 50);
insert into meals_from_products (id_meal, id_product, amount) values (58, 196, 5);
insert into meals_from_products (id_meal, id_product, amount) values (58, 325, 5);
insert into meals_from_products (id_meal, id_product, amount) values (58, 203, 5);
insert into meals_from_products (id_meal, id_product, amount) values (58, 65, 10);
insert into meals_from_products (id_meal, id_product, amount) values (59, 12, 500);
insert into meals_from_products (id_meal, id_product, amount) values (59, 73, 100);
insert into meals_from_products (id_meal, id_product, amount) values (59, 211, 100);
insert into meals_from_products (id_meal, id_product, amount) values (59, 67, 100);
insert into meals_from_products (id_meal, id_product, amount) values (59, 57, 10);
insert into meals_from_products (id_meal, id_product, amount) values (59, 65, 30);
insert into meals_from_products (id_meal, id_product, amount) values (59, 196, 5);
insert into meals_from_products (id_meal, id_product, amount) values (59, 125, 5);
insert into meals_from_products (id_meal, id_product, amount) values (59, 325, 5);
insert into meals_from_products (id_meal, id_product, amount) values (59, 203, 5);
insert into meals_from_products (id_meal, id_product, amount) values (59, 272, 4);
insert into meals_from_products (id_meal, id_product, amount) values (59, 265, 30);
insert into meals_from_products (id_meal, id_product, amount) values (60, 326, 500);
insert into meals_from_products (id_meal, id_product, amount) values (60, 97, 50);
insert into meals_from_products (id_meal, id_product, amount) values (60, 196, 10);
insert into meals_from_products (id_meal, id_product, amount) values (60, 322, 5);
insert into meals_from_products (id_meal, id_product, amount) values (60, 73, 100);
insert into meals_from_products (id_meal, id_product, amount) values (60, 211, 100);
insert into meals_from_products (id_meal, id_product, amount) values (60, 67, 100);
insert into meals_from_products (id_meal, id_product, amount) values (60, 57, 10);
insert into meals_from_products (id_meal, id_product, amount) values (60, 327, 20);
insert into meals_from_products (id_meal, id_product, amount) values (60, 125, 5);
insert into meals_from_products (id_meal, id_product, amount) values (60, 265, 30);
insert into meals_from_products (id_meal, id_product, amount) values (61, 310, 500);
insert into meals_from_products (id_meal, id_product, amount) values (61, 57, 10);
insert into meals_from_products (id_meal, id_product, amount) values (61, 157, 30);
insert into meals_from_products (id_meal, id_product, amount) values (61, 80, 50);
insert into meals_from_products (id_meal, id_product, amount) values (61, 203, 5);
insert into meals_from_products (id_meal, id_product, amount) values (61, 127, 2);
insert into meals_from_products (id_meal, id_product, amount) values (61, 196, 5);
insert into meals_from_products (id_meal, id_product, amount) values (61, 125, 5);
insert into meals_from_products (id_meal, id_product, amount) values (61, 194, 5);
insert into meals_from_products (id_meal, id_product, amount) values (61, 328, 300);
insert into meals_from_products (id_meal, id_product, amount) values (62, 97, 300);
insert into meals_from_products (id_meal, id_product, amount) values (62, 316, 5);
insert into meals_from_products (id_meal, id_product, amount) values (62, 46, 5);
insert into meals_from_products (id_meal, id_product, amount) values (62, 196, 10);
insert into meals_from_products (id_meal, id_product, amount) values (62, 157, 60);
insert into meals_from_products (id_meal, id_product, amount) values (62, 96, 150);
insert into meals_from_products (id_meal, id_product, amount) values (62, 74, 300);
insert into meals_from_products (id_meal, id_product, amount) values (62, 73, 100);
insert into meals_from_products (id_meal, id_product, amount) values (62, 57, 10);
insert into meals_from_products (id_meal, id_product, amount) values (62, 232, 30);
insert into meals_from_products (id_meal, id_product, amount) values (62, 274, 50);
insert into meals_from_products (id_meal, id_product, amount) values (62, 125, 5);
insert into meals_from_products (id_meal, id_product, amount) values (63, 329, 300);
insert into meals_from_products (id_meal, id_product, amount) values (63, 211, 100);
insert into meals_from_products (id_meal, id_product, amount) values (63, 73, 100);
insert into meals_from_products (id_meal, id_product, amount) values (63, 186, 100);
insert into meals_from_products (id_meal, id_product, amount) values (63, 330, 10);
insert into meals_from_products (id_meal, id_product, amount) values (63, 232, 30);
insert into meals_from_products (id_meal, id_product, amount) values (63, 265, 30);
insert into meals_from_products (id_meal, id_product, amount) values (63, 189, 5);
insert into meals_from_products (id_meal, id_product, amount) values (63, 245, 5);
insert into meals_from_products (id_meal, id_product, amount) values (63, 183, 5);
insert into meals_from_products (id_meal, id_product, amount) values (63, 196, 5);
insert into meals_from_products (id_meal, id_product, amount) values (64, 301, 500);
insert into meals_from_products (id_meal, id_product, amount) values (64, 331, 100);
insert into meals_from_products (id_meal, id_product, amount) values (64, 60, 20);
insert into meals_from_products (id_meal, id_product, amount) values (64, 332, 20);
insert into meals_from_products (id_meal, id_product, amount) values (64, 225, 100);
insert into meals_from_products (id_meal, id_product, amount) values (64, 57, 10);
insert into meals_from_products (id_meal, id_product, amount) values (64, 97, 50);
insert into meals_from_products (id_meal, id_product, amount) values (64, 7, 100);
insert into meals_from_products (id_meal, id_product, amount) values (64, 322, 5);
insert into meals_from_products (id_meal, id_product, amount) values (64, 196, 5);
insert into meals_from_products (id_meal, id_product, amount) values (64, 125, 5);
insert into meals_from_products (id_meal, id_product, amount) values (64, 157, 30);
insert into meals_from_products (id_meal, id_product, amount) values (65, 4, 500);
insert into meals_from_products (id_meal, id_product, amount) values (65, 73, 100);
insert into meals_from_products (id_meal, id_product, amount) values (65, 67, 100);
insert into meals_from_products (id_meal, id_product, amount) values (65, 187, 10);
insert into meals_from_products (id_meal, id_product, amount) values (65, 335, 20);
insert into meals_from_products (id_meal, id_product, amount) values (65, 336, 50);
insert into meals_from_products (id_meal, id_product, amount) values (65, 337, 50);
insert into meals_from_products (id_meal, id_product, amount) values (65, 333, 10);
insert into meals_from_products (id_meal, id_product, amount) values (65, 325, 5);
insert into meals_from_products (id_meal, id_product, amount) values (65, 188, 5);
insert into meals_from_products (id_meal, id_product, amount) values (65, 196, 5);
insert into meals_from_products (id_meal, id_product, amount) values (65, 334, 50);
insert into meals_from_products (id_meal, id_product, amount) values (66, 97, 250);
insert into meals_from_products (id_meal, id_product, amount) values (66, 46, 50);
insert into meals_from_products (id_meal, id_product, amount) values (66, 322, 5);
insert into meals_from_products (id_meal, id_product, amount) values (66, 196, 2);
insert into meals_from_products (id_meal, id_product, amount) values (66, 6, 150);
insert into meals_from_products (id_meal, id_product, amount) values (66, 192, 50);
